TID,简体,繁体
MANGA_0_1_1_COMP_0_1,什么？师傅你居然同意了？,什N？傅你居然同意了？
MANGA_0_1_1_COMP_1_5,师傅你终于理解我的苦心了。,傅你K於理解我的苦心了。
MANGA_0_1_1_COMP_1_6,老把徒儿关小黑屋，终于舍不得了吧？,老把徒宏P小黑屋，K於尾坏昧税桑
MANGA_0_1_1_COMP_2_6,啊！师傅不要啊！,啊！傅不要啊！
MANGA_0_1_1_COMP_2_7,师傅啊师傅，您就放徒儿去建功立业吧，徒儿真的不惹祸了！,傅啊傅，您就放徒喝ソüαI吧，徒赫娴牟蝗堑了！
MANGA_0_1_1_COMP_2_8,为师是舍不得你啊，你还是留在这陪我吧。,是尾坏媚惆。你是留在@陪我吧。
MANGA_0_1_1_COMP_3_5,哎，我给你们备了马匹兵器。,哎，我o你淞笋R匹兵器。
MANGA_0_1_1_COMP_3_6,刘伯隐你带着大家去洛阳投奔骑都尉曹操曹孟德大人。,⒉[你е大家去洛投奔T都尉曹操曹孟德大人。
MANGA_0_1_1_COMP_3_7,文姬也在洛阳，把她带上，她有东西要交给曹大人。,文姬也在洛，把她上，她有|西要交o曹大人。
MANGA_0_1_1_COMP_5_5,咳咳,咳咳
MANGA_0_1_1_COMP_5_6,师傅……,傅……
MANGA_0_1_1_COMP_5_7,谨遵师傅教诲！,遵傅教d！
MANGA_0_1_1_COMP_5_8,赶紧走吧，看不到你们我也省心。,so走吧，看不到你我也省心。
MANGA_0_1_1_COMP_6_5,前几天师傅还不同意我们下山，还关我小黑屋，怎么今天突然变卦了？,前滋傅不同意我下山，P我小黑屋，怎N今天突然卦了？
MANGA_0_1_1_COMP_6_6,师傅说要把洛阳的几本古书交给曹操，似乎很急的样子。,傅f要把洛的妆竟交o曹操，似乎很急的幼印
MANGA_0_1_1_COMP_7_5,据说师傅的洛阳家中有四千多卷藏书。,f傅的洛家中有四千多卷藏。
MANGA_0_1_1_COMP_7_6,能够参阅是我们的荣幸。,能㈤是我的s幸。
MANGA_0_1_1_COMP_7_7,就是最近黄巾作乱，路上可能并不太平。,就是最近S巾作y，路上可能K不太平。
MANGA_0_1_1_COMP_8_3,太棒了！,太棒了！
MANGA_0_1_1_COMP_8_4,我和步练师都还没去过洛阳呢！一定要好好玩玩。,我和步都]去^洛呢！一定要好好玩玩。
MANGA_0_2_1_COMP_0_2,   什么人！,   什N人！
MANGA_0_2_1_COMP_0_3,呀啊！,呀啊！
MANGA_0_2_1_COMP_10_5,还愣什么！\n追啊！,愣什N！\n追啊！
MANGA_0_2_1_COMP_11_5,怎么办？这下师傅要生气了。,怎Nk？@下傅要生饬恕
MANGA_0_2_1_COMP_13_3,等一下，前方有行军。,等一下，前方有行。
MANGA_0_2_1_COMP_14_5,那个人是\n……,那人是\n……
MANGA_0_2_1_COMP_15_5,   曹操！？,   曹操！？
MANGA_0_2_1_COMP_1_5,快到啦快到啦，看你的怂样，人家姑娘都还没喊累。,快到啦快到啦，看你的Z樱人家姑娘都]喊累。
MANGA_0_2_1_COMP_1_6,好累哦，还要多久才能到？,好累哦，要多久才能到？
MANGA_0_2_1_COMP_3_1,  步练师！\n  人呢！？,  步！\n  人呢！？
MANGA_0_2_1_COMP_4_3,伯隐！救我！\n我使不出劲。,伯[！救我！\n我使不出拧
MANGA_0_2_1_COMP_4_4,   放开我！,   放_我！
MANGA_0_2_1_COMP_4_5,我们又见面了。,我又面了。
MANGA_0_2_1_COMP_5_5,去死吧江湖骗子！,去死吧江湖_子！
MANGA_0_2_1_COMP_5_6,另一位相貌也不错，也一同带去填房吧。,另一位相貌也不e，也一同去填房吧。
MANGA_0_2_1_COMP_5_7,我家兄长需要一个压寨夫人，我看这位姑娘面相极好，就决定是她了。,我家兄L需要一赫夫人，我看@位姑娘面相O好，就Q定是她了。
MANGA_0_2_1_COMP_6_5,我让你家姑娘嫁给未来皇帝有何不好，还不赶紧谢恩！,我你家姑娘嫁o未砘实塾泻尾缓茫不sox恩！
MANGA_0_2_1_COMP_7_5,你这死骗子还恩将仇报！快把人放了！,你@死_子恩⒊螅】彀讶朔帕耍
MANGA_0_2_1_COMP_8_5,我们走，哈哈哈！,我走，哈哈哈！
MANGA_0_2_1_COMP_9_5,  闪开！,  W_！
MANGA_0_3_1_COMP_3_5,沙暴？怎么可能？在这种地方？,沙暴？怎N可能？在@N地方？
MANGA_0_3_1_COMP_3_6,是妖术！,是妖g！
MANGA_0_3_1_COMP_4_1,不行，我要去找步练师！,不行，我要去找步！
MANGA_0_3_1_COMP_5_5,别进去！进去就出不来了！,eM去！M去就出不砹耍
MANGA_0_3_2_COMP_10_5,竟敢干扰上师的法术！,竟敢干_上的法g！
MANGA_0_3_2_COMP_13_5,仲道！！！,仲道！！！
MANGA_0_3_2_COMP_3_5,对了！可以用古音律！,α耍】梢杂霉乓袈桑
MANGA_0_3_2_DATA_16,你们这些凡体肉胎之人，居然杀害吾弟，就留在这当陪葬吧！,你@些凡w肉胎之人，居然⒑ξ岬埽就留在@陪葬吧！
MANGA_10_1_1_COMP_0_5,随着虎牢关被破，联军一路高歌猛进，杀向洛阳。,S著虎牢P被破，一路高歌猛M，⑾蚵尻。
MANGA_10_1_1_COMP_1_5,但有人欢喜有人愁――蔡邕还在董卓手中，一旦联军攻城，曾经为伯隐担保免罪的蔡邕肯定会受到惩罚，甚至还会变成人质。,但有人g喜有人愁――蔡邕在董卓手中，一旦攻城，曾椴[保免罪的蔡邕肯定受到土P，甚至成人|。
MANGA_10_1_2_COMP_0_5,我要杀死你们！杀死你们！,我要⑺滥！⑺滥！
MANGA_10_1_2_COMP_3_5,呀啊啊！,呀啊啊！
MANGA_10_1_2_COMP_9_5,怎么能输给你们……不行……我要杀死你们杀死你们！,怎N能o你……不行……我要⑺滥⑺滥！
MANGA_10_5_2_COMP_0_5,那还是秦朝末年的事情……,那是秦朝末年的事情……
MANGA_10_5_2_COMP_0_6,师父！玉玺内的恶灵究竟是谁？,父！玉t鹊红`究竟是l？
MANGA_10_5_2_COMP_10_5,好的父亲！,好的父H！
MANGA_10_5_2_COMP_11_5,哼！文姬，加把劲！我们很快就能镇压住他了！,哼！文姬，加把牛∥很快就能鹤∷了！
MANGA_10_5_2_COMP_12_5,哇哦！真是了不起！,哇哦！真是了不起！
MANGA_10_5_2_COMP_14_6,给我阻止他们！,o我阻止他！
MANGA_10_5_2_COMP_1_5,秦朝覆灭，两位拥有龙血的英雄人物一同争夺天下。靠着计谋与背叛，高祖刘邦将另一位真龙血脉，西楚霸王项羽逼至绝境。,秦朝覆纾晌碛旋血的英雄人物一同Z天下。靠著\c背叛，高祖邦⒘硪晃徽纨血}，西楚霸王羽逼至^境。
MANGA_10_5_2_COMP_2_5,失去了军队、爱人的项羽，吸纳了诅咒化成复仇的魔神获得无人匹敌的力量。没有人能阻挡项羽的刀锋与铁蹄，鲜血染红了乌江河畔。,失去了、廴说捻羽，吸{了{咒化成统鸬哪神@得o人匹车牧α俊]有人能阻蹴羽的刀hcF蹄，r血染t了踅河畔。
MANGA_10_5_2_COMP_3_5,获得了传国玉玺的刘邦，不得不使用这件神器，配以赤松子的法术封印了项羽的龙魂。,@得了玉t的邦，不得不使用@件神器，配以赤松子的法g封印了羽的魂。
MANGA_10_5_2_COMP_4_3,项羽的躯壳旋即被汉军分尸，但他的灵魂和力量却永远被囚禁在了龙神的碧玉之中。,羽的|ば即被h分疲但他的`魂和力量s永h被囚禁在了神的碧玉之中。
MANGA_10_5_2_COMP_5_5,不错！玉玺内的恶魂正是项羽！,不e！玉t鹊夯暾是羽！
MANGA_10_5_2_COMP_5_6,是死于垓下的项羽！？,是死於垓下的羽！？
MANGA_10_5_2_COMP_6_5, 是谁！？, 是l！？
MANGA_10_5_2_COMP_6_6,哈\n哈\n哈\n哈\n！,哈\n哈\n哈\n哈\n！
MANGA_10_5_2_COMP_7_5,你们发现了我又能如何，还不是得乖乖成为我的食料！,你lF了我又能如何，不是得乖乖成槲业氖沉希
MANGA_10_5_2_COMP_8_5,文姬！琴！,文姬！琴！
MANGA_10_5_2_COMP_9_5,怎么回事！,怎N回事！
MANGA_11_1_1_COMP_10_5,既然如此！那我们就战个痛快吧！,既然如此！那我就痛快吧！
MANGA_11_1_1_COMP_11_5, 找死！！, 找死！！
MANGA_11_1_1_COMP_1_5,你们无路可逃！,你o路可逃！
MANGA_11_1_1_COMP_2_5,莫非他就是……,莫非他就是……
MANGA_11_1_1_COMP_2_6,他吸收了烈火中丧生的无辜冤魂，已经接近实体化了。,他吸收了烈火中噬的o辜冤魂，已接近w化了。
MANGA_11_1_1_COMP_4_5,我憎恨这悲惨的命运，发誓向龙神复仇！,我憎恨@悲K的命\，l誓向神统穑
MANGA_11_1_1_COMP_4_6,因此吸引来了亘古之神，我献上最爱的女人虞姬，一次换来了无可匹敌的力量。,因此吸引砹古之神，我I上最鄣呐人虞姬，一次Q砹o可匹车牧α俊
MANGA_11_1_1_COMP_5_5,集成龙血的人类注定要彼此战斗，取悦赐予他们力量的龙神。,集成血的人]定要彼此痿Y，取n予他力量的神。
MANGA_11_1_1_COMP_5_6,人间战乱皆是龙神的游戏。,人gy皆是神的[颉
MANGA_11_1_1_COMP_6_5,凭借这个力量，我能杀死任何一个英雄。,{藉@力量，我能⑺廊魏我英雄。
MANGA_11_1_1_COMP_6_6,并吸取他的龙血，不论他们是白龙、青龙、黄龙、赤龙还是黑龙。,K吸取他的血，不他是白、青、S、赤是黑。
MANGA_11_1_1_COMP_7_5,虽然刘邦用玉玺封印了我，但只要我收集够了鲜血和怨恨！,m然邦用玉t封印了我，但只要我收集蛄缩r血和怨恨！
MANGA_11_1_1_COMP_7_6,我就能再度复活，吞噬诸龙，终结这场无休止的战争！,我就能再度突睿吞噬T，KY@o休止的！
MANGA_11_1_1_COMP_8_5,只要你交出手中的玉玺碎片，并愿意献出肉体供我使用的话……,只要你交出手中的玉t碎片，K意I出肉w供我使用的……
MANGA_11_1_1_COMP_8_6,我就能保全其他人的性命。,我就能保全其他人的性命。
MANGA_11_1_1_COMP_9_5,你这种魔王一样的家伙，你以为我会信你的鬼话？,你@N魔王一拥砘铮你以槲信你的鬼？
MANGA_11_1_1_COMP_9_6,你跟我说这些，无非就是你的力量还不足以吞噬我。,你跟我f@些，o非就是你的力量不足以吞噬我。
MANGA_12_1_1_COMP_0_5,不日，联军到达洛阳，面对废墟一般的城市，所有人都大失所望。,不日，到_洛，面U墟一般的城市，所有人都大失所望。
MANGA_12_1_1_COMP_0_6,而在之前的战斗中，联军之间也失去了信赖，于是唯一值得争夺的战利品，就只剩下象征权力的传国玉玺了。,而在之前的痿Y中，之g也失去了信，於是唯一值得Z的鹄品，就只剩下象徵嗔Φ玉t了。
MANGA_12_6_1_COMP_0_5,小帅哥！我们又见面了~,小哥！我又面了~
MANGA_12_6_1_COMP_1_5,你为什么跟袁绍的人在一起！？,你槭颤N跟袁B的人在一起！？
MANGA_12_6_1_COMP_1_6, 你是左慈！, 你是左慈！
MANGA_12_6_1_COMP_2_5,哈哈哈，没有为什么。,哈哈哈，]有槭颤N。
MANGA_12_6_1_COMP_3_5,你……是不是傻？,你……是不是傻？
MANGA_12_6_1_COMP_3_6,我说什么你就信什么，说让你把在皇宫中见到的玉玺留在身边。,我f什N你就信什N，f你把在皇m中到的玉t留在身。
MANGA_12_6_1_COMP_3_7,让你获取玉\n玺中的力量，\n你就全信了。,你@取玉\nt中的力量，\n你就全信了。
MANGA_12_6_1_COMP_4_6,  你……,  你……
MANGA_12_6_2_COMP_0_5,呀啊啊啊！,呀啊啊啊！
MANGA_12_6_2_COMP_11_5,伯隐！,伯[！
MANGA_12_6_2_COMP_11_6,伯隐！,伯[！
MANGA_12_6_2_COMP_13_5,所有人都疯了！他们全在城内寻找玉玺碎片，还互相攻击。,所有人都了！他全在城ふ矣癍t碎片，互相攻簟
MANGA_12_6_2_COMP_13_6,怎么回事？……,怎N回事？……
MANGA_12_6_2_COMP_14_5,   可恶！！,   可海。
MANGA_12_6_2_COMP_15_5,都是那个左慈捣的鬼！,都是那左慈v的鬼！
MANGA_12_6_2_COMP_15_6,联盟已经瓦解了，这还怎么对付董卓！,盟已瓦解了，@怎NΩ抖卓！
MANGA_12_6_2_COMP_4_6, 怎么回事！, 怎N回事！
MANGA_12_6_2_COMP_8_5,玉玺……爆炸了！,玉t……爆炸了！
MANGA_13_1_1_COMP_0_5,为了追查袁绍和左慈勾结之事，曹操命令伯隐前往追查。,榱俗凡樵B和左慈勾Y之事，曹操命令伯[前往追查。
MANGA_13_1_1_COMP_0_6,而此时袁绍与公孙瓒为了争夺冀州，展开大战。,而此r袁Bc公O榱Z冀州，展_大稹
MANGA_14_1_1_COMP_0_5,为了寻找玉玺碎片，同时也是为了找到步练师，伯隐决定前往孙坚处。,榱ふ矣癍t碎片，同r也是榱苏业讲骄，伯[Q定前往O蕴。
MANGA_14_1_1_COMP_0_6,北方的战事刚停，孙坚为了和刘表争夺荆州也开始了新的战争。,北方的鹗停，O榱撕⒈ZG州也_始了新的。
MANGA_14_5_2_COMP_1_6,   啊！！,   啊！！
MANGA_14_5_2_COMP_2_5,   孙大人！,   O大人！
MANGA_14_5_2_COMP_4_5,放箭！！,放箭！！
MANGA_14_5_2_COMP_6_5, 怎么办！, 怎Nk！
MANGA_14_5_2_COMP_6_6,不走的话，我的命也要留在这里了！步练师还等着我去救呢！,不走的，我的命也要留在@e了！步等著我去救呢！
MANGA_14_5_2_COMP_7_6,  驾！,  {！
MANGA_15_1_1_COMP_11_0,为了争夺貂蝉，吕布\n跟董卓反目成仇，最\n终吕布与王允合谋在\n宫门杀死董卓。,榱Z貂s，尾\n跟董卓反目成仇，最\nK尾寂c王允合\在\nmT⑺蓝卓。
MANGA_15_1_1_COMP_3_5,真是……\n美啊……,真是……\n美啊……
MANGA_15_1_1_COMP_4_0,董卓在长安荒淫\n暴虐，司徒王允\n设下连环计。,董卓在L安荒淫\n暴虐，司徒王允\nO下Bh。
MANGA_15_1_1_COMP_4_1,先将义女貂蝉许配\n给吕布，再赠送给\n董卓……,先⒘x女貂sS配\no尾迹再送o\n董卓……
MANGA_15_1_1_COMP_6_5,你们……\n你们……,你……\n你……
MANGA_15_1_1_COMP_7_5,吕布你怎么\n来了……,尾寄阍觞N\n砹恕…
MANGA_15_1_1_COMP_8_5,你……你居然敢抢我的美人！,你……你居然敢我的美人！
MANGA_15_6_2_COMP_1_5,董太师有何罪！为什么你要杀死他！,董太有何罪！槭颤N你要⑺浪！
MANGA_15_6_2_COMP_2_6,董贼恶贯满盈！受死之日，长安百姓全都欢呼庆贺，你们难道就没有听说吗！？,董\贺M盈！受死之日，L安百姓全都g呼cR，你y道就]有f幔。
MANGA_15_6_2_COMP_3_5,你既然说太师有罪，那我们李喙汜二人岂不是也有罪？,你既然f太有罪，那我李喙汜二人M不是也有罪？
MANGA_15_6_2_COMP_4_5,我只恨没能杀尽你们这些恶人！,我只恨]能⒈M你@些喝耍
MANGA_15_6_2_COMP_4_6,逆贼说这么多干嘛！要杀要剐随你！,逆\f@N多致铮∫⒁S你！
MANGA_16_1_1_COMP_0_5,长安一役后，李唷⒐汜把持朝政，加之两人互相内斗，民怨沸腾。,L安一役後，李唷⒐汜把持朝政，加之扇嘶ハ若Y，民怨沸v。
MANGA_16_1_1_COMP_0_6,恰逢青州黄巾贼起，曹操奉旨平乱。,恰逢青州S巾\起，曹操奉旨平y。
MANGA_16_6_1_COMP_10_5,哈哈！卫仲道，你的好兄弟来救你了！,哈哈！l仲道，你的好兄弟砭饶懔耍
MANGA_16_6_1_COMP_11_6,不过你们今天都留下吧！都得被我做成傀儡！,不^你今天都留下吧！都得被我做成傀儡！
MANGA_16_6_1_COMP_15_5,瞧见没，这是主人项羽赐予我的力量！,瞧]，@是主人羽n予我的力量！
MANGA_16_6_1_COMP_1_6,你怎么就死了啊……,你怎N就死了啊……
MANGA_16_6_1_COMP_1_7,你怎么就死了……,你怎N就死了……
MANGA_16_6_1_COMP_2_5,   王八蛋！,   王八蛋！
MANGA_16_6_1_COMP_2_6,去死吧！,去死吧！
MANGA_16_6_1_COMP_3_5,在乱世中，所有人都是牺牲品啊……,在y世中，所有人都是奚品啊……
MANGA_16_6_1_COMP_4_6,哈哈哈！你说的没错！,哈哈哈！你f的]e！
MANGA_16_6_1_COMP_5_5,  是你……,  是你……
MANGA_16_6_1_COMP_6_5,这世间战乱一切都源自于拥有龙血的英雄们。,@世gy一切都源自于碛旋血的英雄。
MANGA_16_6_1_COMP_6_6,看来你已经悟了，明白了我主项羽所说的龙血之恶了。,看砟阋呀悟了，明白了我主羽所f的血之毫恕
MANGA_16_6_1_COMP_7_5,   呜啊！,   璋。
MANGA_16_6_1_COMP_7_6,全都是这世间战乱的始作俑者，他们会带来灾难。,全都是@世gy的始作俑者，他碾y。
MANGA_16_6_1_COMP_7_7,不论是曹操，还是刘伯隐！,不是曹操，是⒉[！
MANGA_16_6_1_COMP_8_5,   卫仲道！,   l仲道！
MANGA_16_6_2_COMP_0_5,我们回去吧。,我回去吧。
MANGA_16_6_2_COMP_1_5,  好。,  好。
MANGA_17_1_1_COMP_1_5,我是曹操之父曹嵩！,我是曹操之父曹嵩！
MANGA_17_1_1_COMP_1_6,你们敢对我动手！？,你敢ξ邮郑。
MANGA_17_1_1_COMP_2_6,玉玺碎片就容易趁虚而入了，看他还怎么给我们捣乱！,玉t碎片就容易趁而入了，看他怎No我vy！
MANGA_17_1_1_COMP_2_7,哈哈哈！找的就是你！只要杀了你，曹操必然丧失理智！,哈哈哈！找的就是你！只要⒘四悖曹操必然适Ю碇牵
MANGA_17_1_1_COMP_3_5,陶谦也太不当心了，这么容易就被我找到了你。,陶t也太不心了，@N容易就被我找到了你。
MANGA_17_1_1_COMP_3_6,把他给我杀了，我就给你们力量。,把他o我⒘耍我就o你力量。
MANGA_17_1_1_COMP_4_5,行，我现在就把这老东西给剁了。,行，我F在就把@老|西o剁了。
MANGA_17_1_1_COMP_5_6,你们这些叛徒！陶大人是让你们保护我，你们居然敢……,你@些叛徒！陶大人是你保o我，你居然敢……
MANGA_17_5_1_COMP_0_5,哎，只能如此了！,哎，只能如此了！
MANGA_17_5_1_COMP_4_5,你对得起你惨死的父亲吗，杀了陶谦，为父报仇！,你Φ闷鹉K死的父H幔⒘颂罩t，楦蟪穑
MANGA_17_5_1_COMP_6_3,传令下去，全力进攻徐州！,髁钕氯ィ全力M攻徐州！
MANGA_17_5_1_COMP_6_4,不可撤军！\n大仇尚未报！,不可撤！\n大仇尚未螅
MANGA_18_3_2_COMP_2_5,啊！,啊！
MANGA_18_3_2_COMP_4_5,曹大人！你如此逼迫一个女子，是想被天下人耻笑吗！,曹大人！你如此逼迫一女子，是想被天下人u笑幔
MANGA_18_3_2_COMP_5_5,我……,我……
MANGA_18_3_2_COMP_6_5,哎！罢了罢\n了！让貂蝉\n回帐去吧！,哎！T了T\n了！貂s\n回とグ桑
MANGA_18_6_1_COMP_0_5,曹操哪里跑！,曹操哪e跑！
MANGA_18_6_1_COMP_1_5,谁人救我！,l人救我！
MANGA_18_6_1_COMP_2_6,主公\n我来了！,主公\n我砹耍
MANGA_18_6_1_COMP_3_7,主公！护驾来迟！就由属下挡住吕布！,主公！o{磉t！就由傧踝尾迹
MANGA_19_6_1_COMP_0_5,典韦呢？\n夏侯渊呢！\n伯隐呢！！,典f呢？\n夏侯Y呢！\n伯[呢！！
MANGA_19_6_1_COMP_2_5,喂！你！看到曹操跑哪去没？,喂！你！看到曹操跑哪去]？
MANGA_19_6_1_COMP_3_5,……,……
MANGA_19_6_1_COMP_4_5,他骑着黄马，往那边巷子去了。,他T著SR，往那巷子去了。
MANGA_19_6_1_COMP_4_6,?,?
MANGA_19_6_1_COMP_4_7,!,!
MANGA_19_6_1_COMP_5_6,驾！,{！
MANGA_19_6_1_COMP_5_7,幸好吕布信了，曹大人快跟我走吧！,幸好尾夹帕耍曹大人快跟我走吧！
MANGA_19_6_1_COMP_5_8,伯隐，原来是你……,伯[，原硎悄恪…
MANGA_1_1_1_COMP_0_7,    仲道！,    仲道！
MANGA_1_1_1_COMP_4_3,但兄长一定能匡扶天道，定鼎天下！,但兄L一定能匡扶天道，定鼎天下！
MANGA_1_1_1_COMP_5_6,又是一个扰乱天道的狂徒！,又是一_y天道的狂徒！
MANGA_1_1_1_COMP_5_7,这、这是…真龙血脉？,@、@是…真血}？
MANGA_1_1_1_COMP_6_1,苍天已死！\n黄天当立！,n天已死！\nS天立！
MANGA_1_1_1_COMP_6_2,苍天已死！\n黄天当立！,n天已死！\nS天立！
MANGA_1_1_1_COMP_6_3,苍天已死！\n黄天当立！,n天已死！\nS天立！
MANGA_1_1_1_COMP_6_4,苍天已死！\n黄天当立！,n天已死！\nS天立！
MANGA_1_1_1_COMP_6_5,苍天已死！\n黄天当立！,n天已死！\nS天立！
MANGA_1_1_1_COMP_6_6,苍天已死！\n黄天当立！,n天已死！\nS天立！
MANGA_1_1_2_COMP_10_5,别乱动，你的身体吃不消。,ey樱你的身w吃不消。
MANGA_1_1_2_COMP_10_6,卫仲道惨死，步练师也被妖道抢走……,l仲道K死，步也被妖道走……
MANGA_1_1_2_COMP_10_7,我无颜见师父了。,我o父了。
MANGA_1_1_2_COMP_11_5,跟我入营休息去吧，收殓之事我自会安排。,跟我入I休息去吧，收之事我自安排。
MANGA_1_1_2_COMP_11_6,我会修书一封交于蔡伯喈，讲明是非。,我修一封交于蔡伯喈，v明是非。
MANGA_1_1_2_COMP_14_6,碰到我算你运气好，做我的傀儡吧。,碰到我算你\夂茫做我的傀儡吧。
MANGA_1_1_2_COMP_14_7,居然有真龙血脉？,居然有真血}？
MANGA_1_1_2_COMP_1_5,所以定是我兄长张角的女人，我带走了！,所以定是我兄L角的女人，我ё吡耍
MANGA_1_1_2_COMP_1_6,此女所嫁之人必是帝王。,此女所嫁之人必是帝王。
MANGA_1_1_2_COMP_2_5,,
MANGA_1_1_2_COMP_2_6,  步练师！！,  步！！
MANGA_1_1_2_COMP_5_8,卫仲道……,l仲道……
MANGA_1_1_2_COMP_9_5,师弟啊……,弟啊……
MANGA_1_2_2_COMP_10_1,有趣，此乃可用之人。,有趣，此乃可用之人。
MANGA_1_2_2_COMP_1_5,你说步练师在张梁手中，那妖道在哪？,你f步在梁手中，那妖道在哪？
MANGA_1_2_2_COMP_1_6,不知道啊，小人真的不知道……,不知道啊，小人真的不知道……
MANGA_1_2_2_COMP_2_5,不说我就断你一根手指！再不说就断你手掌！,不f我就嗄阋桓手指！再不f就嗄闶终疲
MANGA_1_2_2_COMP_3_5,好像……好像朝着山崖去了……,好像……好像朝著山崖去了……
MANGA_1_2_2_COMP_4_5,哼，作恶多端的叛党，给你一个痛快吧！,哼，作憾喽说呐腰h，o你一痛快吧！
MANGA_1_2_2_COMP_5_5,伯隐！你怎能如此残忍，他已经投降了。,伯[！你怎能如此忍，他已投降了。
MANGA_1_2_2_COMP_6_5,招抚之时投降，结束就再叛，不如直接了断。,招嶂r投降，Y束就再叛，不如直接了唷
MANGA_1_2_2_COMP_6_6,叛党就是叛党。,叛h就是叛h。
MANGA_1_2_2_COMP_7_5,更何况，他已不知害了多少人性命。,更何r，他已不知害了多少人性命。
MANGA_1_2_2_COMP_8_5,你……,你……
MANGA_1_3_2_COMP_0_5,先抓住他再说！,先抓住他再f！
MANGA_1_3_2_COMP_0_6,怎么回事，他身上的气息好邪恶…,怎N回事，他身上的庀⒑眯骸
MANGA_1_4_2_COMP_11_5,好！,好！
MANGA_1_4_2_COMP_12_5,走吧，跟我回营。,走吧，跟我回I。
MANGA_1_4_2_COMP_1_5,哼……兄长……兄长一定会成为皇帝的……,哼……兄L……兄L一定成榛实鄣摹…
MANGA_1_4_2_COMP_2_5,哈哈哈，找不回来了，因为我已经送到兄长那了！,哈哈哈，找不回砹耍因槲乙呀送到兄L那了！
MANGA_1_4_2_COMP_2_6,你想找那个女人！？,你想找那女人！？
MANGA_1_4_2_COMP_3_5,叔叔！不可如此！这里还有无辜的老弱妇孺！,叔叔！不可如此！@e有o辜的老弱D孺！
MANGA_1_4_2_COMP_3_6,也算是给卫\n仲道报仇了。,也算是ol\n仲道蟪鹆恕
MANGA_1_4_2_COMP_3_7,接下来我们要烧掉这个据点，一个黄巾贼都不留。,接下砦要掉@c，一S巾\都不留。
MANGA_1_4_2_COMP_3_8,他已经死了。,他已死了。
MANGA_1_4_2_COMP_3_9,你！,你！
MANGA_1_4_2_COMP_4_5,假如听你的，以后会有更多的人流离失所！,假如你的，以後有更多的人流x失所！
MANGA_1_4_2_COMP_4_6,那无辜之人就该流离失所吗？,那o辜之人就流x失所幔
MANGA_1_4_2_COMP_4_7,不彻底摧毁以后还会聚拢新的叛贼！,不氐状б葬徇聚n新的叛\！
MANGA_1_4_2_COMP_4_8,你这是妇人之仁！于世无益！,你@是D人之仁！於世o益！
MANGA_1_4_2_COMP_4_9,此处是黄巾贼苦心经营之所。,此是S巾\苦心I之所。
MANGA_1_4_2_COMP_5_7,你们……你们……哼！,你……你……哼！
MANGA_20_1_1_COMP_0_5,曹操接受荀的建议，派出伯隐扫荡流寇，收集粮草，屯兵兖州，试图收获民心。,曹操接受荀的建h，派出伯[呤流寇，收集Z草，屯兵贾荩D收民心。
MANGA_20_1_1_COMP_0_6,曹操与吕布大战数场，互有胜负。战争陷入僵持阶段。,曹操c尾即觯互有儇。陷入僵持A段。
MANGA_20_6_2_COMP_0_5,   杀！,   ！
MANGA_20_6_2_COMP_3_5,给老子留下命来！,o老子留下命恚
MANGA_20_6_2_COMP_3_6,吕布休走！,尾夹葑撸
MANGA_20_6_2_COMP_4_5,  可恶！,  可海
MANGA_20_6_2_COMP_5_5,   走！,   走！
MANGA_21_1_1_COMP_0_5,与此同时李唷⒐汜等人在长安内斗，焚烧宫室，抢夺宫女、珠宝，汉献帝忍无可忍，带着少数忠臣出逃，密旨曹操前来勤王。,c此同r李唷⒐汜等人在L安若Y，焚m室，Zm女、珠，hI帝忍o可忍，е少抵页汲鎏樱密旨曹操前砬谕酢
MANGA_21_1_1_COMP_0_6,曹操大破吕布，重新收复了兖州全境。,曹操大破尾迹重新收土贾萑境。
MANGA_21_5_1_COMP_0_5,获得天子的曹操终于控制不住心中的野心，动起了迁都许都，彻底架空朝廷的脑筋。,@得天子的曹操K於控制不住心中的野心，悠鹆诉w都S都，氐准芸粘廷的X筋。
MANGA_21_5_1_COMP_0_6,曹操击败李喙汜，坐拥大功。,曹操±喙汜，坐泶蠊Α
MANGA_21_5_1_COMP_1_5,许都邻近鲁阳，转运粮食便利。,S都近，D\Z食便利。
MANGA_21_5_1_COMP_1_6,可以以京师无粮为由，提出移驾许都。,可以以京oZ橛桑提出移{S都。
MANGA_21_5_1_COMP_2_5,此事重大，一不小心我曹操就会身败名裂。,此事重大，一不小心我曹操就身∶裂。
MANGA_21_5_1_COMP_3_5,主公安心，吾观天象，大汉气数已尽，必有新天子出，晋魏之地，必有兴者。,主公安心，吾^天象，大h狄驯M，必有新天子出，x魏之地，必有d者。
MANGA_21_5_1_COMP_4_5,容我三思……,容我三思……
MANGA_21_5_1_COMP_5_5,而黄龙就是主公您啊…,而S就是主公您啊…
MANGA_21_5_1_COMP_6_5,大汉为赤龙，赤龙为火，而代替火的就是土，土就是黄龙。,大h槌帻，赤榛穑而代替火的就是土，土就是S。
MANGA_21_5_1_COMP_6_6,五行交替，天命自有它的规律。,五行交替，天命自有它的律。
MANGA_21_5_1_COMP_7_5,好！明天我就去见陛下，商议迁都之事！,好！明天我就去陛下，商hw都之事！
MANGA_21_6_2_COMP_0_5,从此以后我们主公曹孟德就是天下最有权势的人咯！,拇艘葬嵛主公曹孟德就是天下最有莸娜丝！
MANGA_21_6_2_COMP_0_6,今天主公赏\n赐的酒……\n可真是好酒\n啊……,今天主公p\nn的酒……\n可真是好酒\n啊……
MANGA_21_6_2_COMP_10_5,真是有趣！,真是有趣！
MANGA_21_6_2_COMP_10_6,你继续好好\n干！我与主\n人期待你的\n表现。,你^m好好\n郑∥遗c主\n人期待你的\n表F。
MANGA_21_6_2_COMP_3_5,哈哈哈，卫仲道你干的真不错，主人和我对你都很满意。,哈哈哈，l仲道你值恼娌诲e，主人和我δ愣己M意。
MANGA_21_6_2_COMP_6_3,无论是怎样的英雄豪杰，也会像曹操一样成为野心家为祸太平。,o是怎拥挠⑿酆埽也像曹操一映橐靶募榈太平。
MANGA_21_6_2_COMP_6_4,只要龙血和玉玺存在一天，天下群雄的野心就不会消失。,只要血和玉t存在一天，天下群雄的野心就不消失。
MANGA_21_6_2_COMP_7_5,你想要天下太平，那就只能消除龙血，想要消除龙血，那就必须顺从我主。,你想要天下太平，那就只能消除血，想要消除血，那就必奈抑鳌
MANGA_21_6_2_COMP_8_5,好！我会继续用碎片影响曹操，帮助你完成项羽的复活大业！,好！我^m用碎片影曹操，椭你完成羽的突畲I！
MANGA_21_6_2_COMP_9_6,哈哈哈！明\n明一脸不情\n愿但偏又要\n与我合作！,哈哈哈！明\n明一不情\n但偏又要\nc我合作！
MANGA_22_1_1_COMP_0_5,然而孙坚死后江东\n陷于战乱，步练师\n与其他孙氏宗族被\n困于曲阿，伯隐因\n此向曹操请兵救回\n友人。,然而O运泪峤|\n陷於y，步\nc其他O氏宗族被\n困于曲阿，伯[因\n此向曹操兵救回\n友人。
MANGA_22_1_1_COMP_0_6,曹操挟天子以令\n诸侯，逐渐有称\n霸之势。,曹操短熳右粤\nT侯，逐u有Q\n霸之荨
MANGA_22_5_1_COMP_1_5,大哥……你怎\n么来了……,大哥……你怎\nN砹恕…
MANGA_22_5_1_COMP_1_6,没有伯隐帮忙\n的话，你还被\n围着呢！,]有伯[兔\n的，你被\n著呢！
MANGA_22_5_1_COMP_1_7,孙权！快让你\n的人闪开！,O啵】熳你\n的人W_！
MANGA_22_5_1_COMP_2_5,刘繇前线已溃，我自然就进城了。,Ⅳ砬熬已，我自然就M城了。
MANGA_22_5_1_COMP_3_5,伯隐兄没事吧？小弟性格暴躁，多有得罪了。,伯[兄]事吧？小弟性格暴躁，多有得罪了。
MANGA_22_5_1_COMP_4_5,但我父亲孙坚之死，确实与伯隐兄有关。,但我父HO灾死，_c伯[兄有P。
MANGA_22_5_1_COMP_5_5,只要你能助我平定江东，获得朝廷封赏，往事过往不究！,只要你能助我平定江|，@得朝廷封p，往事^往不究！
MANGA_22_5_1_COMP_6_5,你想怎么样？,你想怎N樱
MANGA_22_5_1_COMP_7_5,我给你弄个大司马怎么样！,我o你弄大司R怎N樱
MANGA_22_5_1_COMP_7_6,   好！,   好！
MANGA_23_1_1_COMP_0_5,曹操大势已成，便\n转头准备收拾吕布、\n刘备等老对手。此\n时刘备刚从陶谦手\n中继承了徐州，令\n曹操非常不悦。,曹操大菀殉桑便\nD^涫帐尾肌\n涞壤κ帧４\nr奶罩t手\n中^承了徐州，令\n曹操非常不。
MANGA_23_1_1_COMP_0_6,于是他打算派遣伯\n隐前往徐州，离间\n刘备、吕布。,於是他打算派遣伯\n[前往徐州，xg\n洹尾肌
MANGA_23_5_2_COMP_1_5,  三弟!,  三弟!
MANGA_23_5_2_COMP_2_5,可算找到你了！三弟，快跟我逃出这里。,可算找到你了！三弟，快跟我逃出@e。
MANGA_23_5_2_COMP_2_6,你说什么傻话\n呢，快走！,你f什N傻\n呢，快走！
MANGA_23_5_2_COMP_2_7,我对不住你！,我Σ蛔∧悖
MANGA_23_5_2_COMP_2_8,哥哥你自己走吧，让我死在这好了！,哥哥你自己走吧，我死在@好了！
MANGA_23_5_2_COMP_3_5,可是嫂嫂还\n在……,可是嫂嫂\n在……
MANGA_23_5_2_COMP_4_5,出去了再说！嫂嫂还要靠你救呢！,出去了再f！嫂嫂要靠你救呢！
MANGA_23_5_2_COMP_5_5,劫了我的营\n还想跑！？,劫了我的I\n想跑！？
MANGA_23_5_2_COMP_7_3,   哼！,   哼！
MANGA_23_6_2_COMP_0_5,还不是被我围得死死的！,不是被我得死死的！
MANGA_23_6_2_COMP_0_6,就凭你们几\n个就想离开\n这里！？,就{你\n就想x_\n@e！？
MANGA_23_6_2_COMP_10_5,…卫仲道人\n呢？怎么突\n然不见了。,…l仲道人\n呢？怎N突\n然不了。
MANGA_23_6_2_COMP_13_5,还帮我用计\n赚回貂蝉。,臀矣糜\n回貂s。
MANGA_23_6_2_COMP_13_6,都是阁下的功劳啊，偷袭徐州是你的建议。 ,都是w下的功诎。偷u徐州是你的建h。
MANGA_23_6_2_COMP_13_7,温侯双喜临门，已得徐州，还拿回貂蝉！,睾铍p喜RT，已得徐州，拿回貂s！
MANGA_23_6_2_COMP_14_5,而且你送来的玉玺碎片确实增强了我的实力。,而且你送淼挠癍t碎片_增了我的力。
MANGA_23_6_2_COMP_15_5,吕大人神威盖世！,未笕松裢w世！
MANGA_23_6_2_COMP_15_6,那便好！,那便好！
MANGA_23_6_2_COMP_1_5,吕布，我刘备\n待你不薄，为\n何你要反手害\n我。,尾迹我\n待你不薄，\n何你要反手害\n我。
MANGA_23_6_2_COMP_2_5,哈哈哈！死在\n我手中不冤，\n你还有什么不\n满的！,哈哈哈！死在\n我手中不冤，\n你有什N不\nM的！
MANGA_23_6_2_COMP_3_5,大哥！我帮\n你收拾了这\n个王八蛋！,大哥！我\n你收拾了@\n王八蛋！
MANGA_23_6_2_COMP_4_5,貂、貂蝉！,貂、貂s！
MANGA_23_6_2_COMP_5_5,温侯！,睾睿
MANGA_23_6_2_COMP_6_5,那肯定，我\n吕布不是那\n种人！,那肯定，我\n尾疾皇悄\nN人！
MANGA_23_6_2_COMP_6_6,他对我们有恩，不可以知恩不报。,他ξ有恩，不可以知恩不蟆
MANGA_23_6_2_COMP_6_7,温侯，放过伯隐他们吧，是伯隐将我从曹营带出来见你。,睾睿放^伯[他吧，是伯[⑽牟IС硪你。
MANGA_23_6_2_COMP_7_5,去把玄德兄\n的家人带来！,去把玄德兄\n的家人恚
MANGA_23_6_2_COMP_8_5,你们可以走了！,你可以走了！
MANGA_23_6_2_COMP_9_5,貂蝉，我们\n回营。,貂s，我\n回I。
MANGA_24_1_1_COMP_0_3,就在曹操打算联合刘\n备再次攻击吕布的时\n候，宛城张绣在刘表\n的支持下起兵，妄图\n夺走献帝。,就在曹操打算合\n湓俅喂尾嫉r\n候，宛城C在⒈\n的支援下起兵，妄D\nZ走I帝。
MANGA_24_1_1_COMP_0_4,伯隐带着刘备逃回许都，曹操并没怪罪伯隐的失败，但伯隐却失去了刘备的信任。,伯[е涮踊卦S都，曹操K]怪罪伯[的失。但伯[s失去了涞男湃巍
MANGA_24_5_1_COMP_2_4,再来啊！,再戆。
MANGA_24_5_1_COMP_3_5,就他一个人，\n曹贼就在里\n面！兄弟们\n跟我杀！！,就他一人，\n曹\就在e\n面！兄弟\n跟我！！
MANGA_24_5_1_COMP_4_5,冲啊！！,_啊！！
MANGA_24_5_1_COMP_5_5,休想从这通过！,休想倪@通^！
MANGA_24_5_1_COMP_6_5,都给我滚开！,都o我L_！
MANGA_24_5_1_COMP_7_5,啊啊啊！,啊啊啊！
MANGA_24_5_1_COMP_7_6,呜啊！,璋。
MANGA_24_5_2_COMP_1_5,  快走！,  快走！
MANGA_24_5_2_COMP_4_5,我典韦在此！谁敢从此门过！,我典f在此！l敢拇碎T^！
MANGA_24_5_2_COMP_8_6,一群没用的\n废物。,一群]用的\nU物。
MANGA_25_1_1_COMP_2_5,那要是曹操带\n着汉天子令来\n进攻我，我该\n如何是好？,那要是曹操\n著h天子令\nM攻我，我\n如何是好？
MANGA_25_1_1_COMP_3_5,袁公四世三公，\n百姓所归，正\n是荣登九五之\n时。,袁公四世三公，\n百姓所w，正\n是s登九五之\nr。
MANGA_25_1_1_COMP_4_5,立刻准备登基！,立刻涞腔！
MANGA_25_1_1_COMP_4_6,哈哈哈！好！,哈哈哈！好！
MANGA_25_1_1_COMP_5_5,曹操仰慕袁公\n已久，若是袁\n公称帝，他必\n奉上汉天子称\n臣。,曹操仰慕袁公\n已久，若是袁\n公Q帝，他必\n奉上h天子Q\n臣。
MANGA_25_1_1_COMP_6_5,袁术的脑子已\n经被玉玺彻底\n扰乱了，这种\n话也能信……,袁g的X子已\n被玉t氐\n_y了，@N\n也能信……
MANGA_25_1_1_COMP_6_6,不过这也是好事，省的麻烦了。,不^@也是好事，省的麻┝恕
MANGA_25_2_1_COMP_3_5,哈哈哈，卫仲道不靠谱，还是左慈神仙厉害啊！,哈哈哈，l仲道不靠V，是左慈神仙害啊！
MANGA_25_2_1_COMP_4_5,等暴雨断了你们粮草，看曹孟德你怎么办！,等暴雨嗔四Z草，看曹孟德你怎Nk！
MANGA_25_6_1_COMP_0_5,这天下又有\n谁是我的对\n手！,@天下又有\nl是我的\n手！
MANGA_25_6_1_COMP_0_6,哈哈哈！拥有\n这份力量！曹\n孟德又如何是\n我的对手！,哈哈哈！碛\n@份力量！曹\n孟德又如何是\n我的κ郑
MANGA_25_6_1_COMP_0_7,这是主人项\n羽赐予你的\n力量！,@是主人\n羽n予你的\n力量！
MANGA_25_6_1_COMP_0_8,袁术，你要\n珍惜这份力\n量。,袁g，你要\n珍惜@份力\n量。
MANGA_25_6_1_COMP_1_5,这世上！只\n有我能当皇\n帝！,@世上！只\n有我能皇\n帝！
MANGA_25_6_2_COMP_0_5,结果还不是\n这样祸害世\n人……,Y果不是\n@拥害世\n人……
MANGA_25_6_2_COMP_0_6,我的所作所\n为是正确的\n吗……,我的所作所\n槭钦_的\n帷…
MANGA_25_6_2_COMP_1_5,阿兰，我想\n见你，阿兰，\n我还不想死\n……,阿m，我想\n你，阿m，\n我不想死\n……
MANGA_25_6_2_COMP_1_6,我的手……我\n的手没了……,我的手……我\n的手]了……
MANGA_25_6_2_COMP_1_7,救救我……,救救我……
MANGA_25_6_2_COMP_3_5,这是龙的野心\n所造之恶，与\n你没有关系。,@是的野心\n所造之海c\n你]有PS。
MANGA_25_6_2_COMP_4_5,别给我来这套。,eo我磉@套。
MANGA_25_6_2_COMP_5_5,对还是错，不\n需要一个满肚\n子邪念的人来\n告诉我。,是e，不\n需要一M肚\n子邪念的人\n告V我。
MANGA_25_6_2_COMP_6_5,哈哈哈哈哈\n哈！你真是\n有意思。,哈哈哈哈哈\n哈！你真是\n有意思。
MANGA_26_1_1_COMP_0_5,稳定他们之后，曹\n操决心全力讨伐张\n绣，报仇雪恨。,定他之後，曹\n操Q心全力伐\nC，蟪鹧┖蕖
MANGA_26_1_1_COMP_0_6,击溃袁术后，曹\n操代表朝廷封赏\n吕布、刘备。,⒃g後，曹\n操代表朝廷封p\n尾肌洹
MANGA_26_2_1_COMP_2_5,敌军斥候绕城\n三周已回！,耻斥候@城\n三周已回！
MANGA_26_2_1_COMP_3_5,曹操必定\n中计！,曹操必定\n中！
MANGA_26_2_1_COMP_3_6,好！,好！
MANGA_27_1_1_COMP_0_5,伯隐被再次要\n求前往小沛传\n递书信，与刘\n备合军。,伯[被再次要\n求前往小沛\nf信，c\n浜宪。
MANGA_27_1_1_COMP_0_6,袁绍称霸河北，不\n断威胁曹操的势力\n范围，为了和袁绍\n决战，曹操不得不\n先解决吕布这个威\n胁。,袁BQ霸河北，不\n嗤{曹操的萘\n，榱撕驮B\nQ穑曹操不得不\n先解Q尾歼@威\n{。
MANGA_27_1_2_COMP_0_5,   哼！,   哼！
MANGA_27_1_2_COMP_1_5,这曹操居然\n要联合刘备\n害我！,@曹操居然\n要合\n害我！
MANGA_27_1_2_COMP_2_5,刘备大耳贼果然大患！看我先灭了他！,浯蠖\果然大患！看我先缌怂！
MANGA_27_1_2_COMP_3_3,诸将听令！\n随我进攻小\n沛！,T⒙令！\nS我M攻小\n沛！
MANGA_27_6_1_COMP_0_5,  徐州城,  徐州城
MANGA_27_6_1_COMP_10_5,孙观已经献关！？曹军已经攻入？,O^已IP！？曹已攻入？
MANGA_27_6_1_COMP_11_5,  冲关！,  _P！
MANGA_27_6_1_COMP_13_5,居然开始杀\n自己人了！,居然_始\n自己人了！
MANGA_27_6_1_COMP_13_6,哈哈哈哈！\n吕布果然中\n计。,哈哈哈哈！\n尾脊然中\n。
MANGA_27_6_1_COMP_14_5,哈哈哈，徐州、萧关皆入我手！,哈哈哈，徐州、P皆入我手！
MANGA_27_6_1_COMP_14_6,现在徐州守备空洞，我已派伯隐前去接收。,F在徐州守淇斩矗我已派伯[前去接收。
MANGA_27_6_1_COMP_15_6,  进攻！,  M攻！
MANGA_27_6_1_COMP_1_5,请主公发兵！不然萧关危矣！,主公l兵！不然P危矣！
MANGA_27_6_1_COMP_1_6,主公！孙观等人想要投献萧关给曹贼。,主公！O^等人想要投IPo曹\。
MANGA_27_6_1_COMP_3_5,我即刻发兵！,我即刻l兵！
MANGA_27_6_1_COMP_3_6,如果不是陈登你及时来报，萧关必定保不住！,如果不是登你及r螅P必定保不住！
MANGA_27_6_1_COMP_4_5,曹军抄小路进关\n内，徐州恐怕难\n守，主公最好现\n在回防。,曹抄小路MP\n龋徐州恐怕y\n守，主公最好F\n在回防。
MANGA_27_6_1_COMP_5_5,  遵命！,  遵命！
MANGA_27_6_1_COMP_5_6,起兵回徐州。,起兵回徐州。
MANGA_27_6_1_COMP_8_5,等下就开始\n放火！,等下就_始\n放火！
MANGA_28_4_2_COMP_2_5,哈哈哈！这下赢定了！吕布肯定要被逼出城！,哈哈哈！@下A定了！尾伎隙ㄒ被逼出城！
MANGA_28_4_2_COMP_3_6,撤军！！,撤！！
MANGA_28_6_2_COMP_0_5,伯隐！救救\n吕布吧！,伯[！救救\n尾及桑
MANGA_28_6_2_COMP_10_5,有趣啊！\n有趣！,有趣啊！\n有趣！
MANGA_28_6_2_COMP_10_6,哈哈哈哈哈\n哈哈！,哈哈哈哈哈\n哈哈！
MANGA_28_6_2_COMP_11_5,曹大人！,曹大人！
MANGA_28_6_2_COMP_12_5,如此一来，张辽臧霸等人也会归附曹大人！,如此一恚|臧霸等人也w附曹大人！
MANGA_28_6_2_COMP_13_5,吕布天下无双的\n武艺总有一天能\n发挥作用，求您\n留他一条性命！,尾继煜op的\n武有一天能\nl]作用，求您\n留他一l性命！
MANGA_28_6_2_COMP_14_5,好！我就放\n他一条性命！,好！我就放\n他一l性命！
MANGA_28_6_2_COMP_15_6,我会在许都给吕\n布安排一处住所，\n但吕布不可踏出\n一步！,我在S都o\n布安排一住所，\n但尾疾豢商こ\n一步！
MANGA_28_6_2_COMP_1_5,你……\n你真的喜欢吕布？,你……\n你真的喜g尾迹
MANGA_28_6_2_COMP_2_5,我还以为你\n只是在玩弄\n他……,我以槟\n只是在玩弄\n他……
MANGA_28_6_2_COMP_3_3,但我知道他是真对我好，我也爱他……,但我知道他是真ξ液茫我也鬯……
MANGA_28_6_2_COMP_3_4,救救他吧，\n我对不住他\n……,救救他吧，\n我Σ蛔∷\n……
MANGA_28_6_2_COMP_6_5,貂蝉骗我，我早就知道了！,貂s_我，我早就知道了！
MANGA_28_6_2_COMP_6_6,哈哈哈！曹孟\n德，你自以为\n懂人心！但你\n懂什么？,哈哈哈！曹孟\n德，你自以\n懂人心！但你\n懂什N？
MANGA_28_6_2_COMP_7_5,遵主公命！\n末将立刻将\n吕布斩首！,遵主公命！\n末⒘⒖\n尾厥祝
MANGA_28_6_2_COMP_8_5,你……,你……
MANGA_28_6_2_COMP_9_6,我吕布纵横一\n世，不缺世人\n敬仰！唯独不\n想失去她。,我尾伎vM一\n世，不缺世人\n敬仰！唯不\n想失去她。
MANGA_28_6_2_COMP_9_7,哈哈哈！我原谅她！因为我爱她，我无怨无悔！,哈哈哈！我原她！因槲鬯，我o怨o悔！
MANGA_29_1_1_COMP_0_5,伯隐主动请缨，以\n调查袁术上次魔化\n的原因为理由，前\n往截击。,伯[主诱t，以\n{查袁g上次魔化\n的原因槔碛桑前\n往截簟
MANGA_29_1_1_COMP_0_6,击败吕布之后，曹\n操便开始着手准备\n与袁绍的战争。就\n在此时，传来了袁\n术准备投靠袁绍的\n消息。,尾贾後，曹\n操便_始著手\nc袁B的。就\n在此r，砹嗽\ng渫犊吭B的\n消息。
MANGA_29_1_1_COMP_2_5,曹操很信任你\n啊，居然派你\n暗中监视伯隐，\n让你收集玉玺\n的秘密。,曹操很信任你\n啊，居然派你\n暗中O伯[，\n你收集玉t\n的秘密。
MANGA_29_1_1_COMP_3_5,我的事不用\n你管。,我的事不用\n你管。
MANGA_29_1_1_COMP_4_5,这次行动，你最\n好除掉伯隐，这\n小子很难对付，\n以后会是我们最\n大的敌人。,@次行樱你最\n好除掉伯[，@\n小子很yΩ叮\n以後是我最\n大的橙恕
MANGA_29_1_1_COMP_5_5,记好了，千万\n不要违背主人\n的命令。,好了，千f\n不要`背主人\n的命令。
MANGA_29_4_2_COMP_0_5,拿出一片玉玺，\n把你的血擦在\n上面，快！,拿出一片玉t，\n把你的血擦在\n上面，快！
MANGA_29_4_2_COMP_0_6,你在玉玺里！？,你在玉te！？
MANGA_29_4_2_COMP_1_5,我来告诉你怎\n么使用玉玺来\n驱散袁术的力\n量吧！,我砀嬖V你怎\nN使用玉t\n散袁g的力\n量吧！
MANGA_29_4_2_COMP_7_5,怎么回事……怎\n么会这样！？都\n变成老头了？,怎N回事……怎\nN@樱。慷\n成老^了？
MANGA_29_5_2_COMP_2_5,什么人！,什N人！
MANGA_29_5_2_COMP_4_5,对不起了伯隐……,Σ黄鹆瞬[……
MANGA_29_5_2_COMP_5_5,慢着！\n别想跑！,慢著！\ne想跑！
MANGA_29_6_1_COMP_2_5,不如留下来陪妾身吧。,不如留下砼沔身吧。
MANGA_29_6_1_COMP_3_5,伯隐往哪去啊？,伯[往哪去啊？
MANGA_29_6_1_COMP_4_5,为祸世间的是你\n们，你们这些继\n承了龙血的英雄，\n才是世间一切不\n幸的根源。,榈世g的是你\n，你@些^\n承了血的英雄，\n才是世g一切不\n幸的根源。
MANGA_29_6_1_COMP_4_6,可笑啊可笑！,可笑啊可笑！
MANGA_29_6_1_COMP_5_5,你们这些为祸世间的恶贼！,你@些榈世g的嘿\！
MANGA_29_6_1_COMP_6_5,他跟袁术、跟\n反贼有什么区\n别？,他跟袁g、跟\n反\有什N^\ne？
MANGA_29_6_1_COMP_6_6,看看你追随的曹操，\n围猎之时对天子毫\n无尊敬之意，代天\n子射鹿，代天子受\n万岁，接下来怕是\n要代皇帝位了！,看看你追S的曹操，\nC之rμ熳雍\no尊敬之意，代天\n子射鹿，代天子受\nfq，接下砼率\n要代皇帝位了！
MANGA_29_6_1_COMP_7_5,哼！谬论！袁术到\n今天的境地还不是\n因为你的蛊惑！,哼！！袁g到\n今天的境地不是\n因槟愕男M惑！
MANGA_29_6_1_COMP_8_5,我看你们才是\n罪魁祸首！受\n死吧！,我看你才是\n罪魁首！受\n死吧！
MANGA_29_6_2_COMP_1_5,伯隐……你也是\n个会给天下带来\n动乱的野心之人\n吗……,伯[……你也是\no天下\ny的野心之人\n帷…
MANGA_29_6_2_COMP_1_6,没想到你也觉醒了龙血……,]想到你也X醒了血……
MANGA_2_1_2_COMP_0_6,你别跑啊！,你e跑啊！
MANGA_2_1_2_COMP_0_7,呀啊啊！,呀啊啊！
MANGA_2_1_2_COMP_1_6,老子在找迷路的大哥和二哥！,老子在找迷路的大哥和二哥！
MANGA_2_1_2_COMP_1_7,放你娘的屁！老子没跑！,放你娘的屁！老子]跑！
MANGA_2_3_2_COMP_0_5,这究竟是怎么一回事？,@究竟是怎N一回事？
MANGA_2_3_2_COMP_1_5,但没想到朝廷的人突然前来……,但]想到朝廷的人突然前怼…
MANGA_2_3_2_COMP_1_6,报！卢大人已被救下。,螅”R大人已被救下。
MANGA_2_3_2_COMP_2_5,卢植久战不下！就地免职！押回洛阳审查！,R植久鸩幌拢【偷孛饴！押回洛查！
MANGA_2_3_2_COMP_3_5, 不要冲动！, 不要n樱
MANGA_2_3_2_COMP_3_6,卢大人清正廉洁，肯定是被奸人所害！,R大人清正廉，肯定是被奸人所害！
MANGA_2_3_2_COMP_4_5,东中郎将董卓接替卢植！,|中郎⒍卓接替R植！
MANGA_2_3_2_COMP_5_5,切！曹都尉刚立下首功，不能给他添麻烦。,切！曹都尉立下首功，不能o他添麻。
MANGA_2_3_2_COMP_7_5,是！,是！
MANGA_2_4_1_COMP_0_5,座中何人，谁不怀忧。令我白头。,座中何人，l不n。令我白^。
MANGA_2_4_1_COMP_0_6,秋风萧萧愁\n杀人。出亦\n愁，入亦愁。,秋L愁\n⑷恕３鲆\n愁，入亦愁。
MANGA_2_4_1_COMP_1_5,何人……,何人……
MANGA_2_4_1_COMP_3_5,美人！\n美人！,美人！\n美人！
MANGA_2_4_2_COMP_0_5,感谢诸位相救，不知三位英雄现居何职啊？,感xT位相救，不知三位英雄F居何啊？
MANGA_2_4_2_COMP_10_5,我爸认了太监当干爹。,我爸J了太O乾爹。
MANGA_2_4_2_COMP_10_6,那曹大人是如何获得权位的呢？,那曹大人是如何@得辔坏哪兀
MANGA_2_4_2_COMP_11_2,说，说出来了！,f，f出砹耍
MANGA_2_4_2_COMP_12_5,大家一起努力吧！,大家一起努力吧！
MANGA_2_4_2_COMP_12_6,哈哈哈！为了不让这种事情在我儿子身上发生。,哈哈哈！榱瞬蛔@N事情在我鹤由砩习l生。
MANGA_2_4_2_COMP_13_5,无论如何先得击败张角，找到步练师，只能继续跟曹都尉合作了。,o如何先得角，找到步，只能^m跟曹都尉合作了。
MANGA_2_4_2_COMP_1_5,无官无职，\n一介义勇军。,o官o，\n一介x勇。
MANGA_2_4_2_COMP_2_5,白身？,白身？
MANGA_2_4_2_COMP_3_5,翼德！,翼德！
MANGA_2_4_2_COMP_3_6,黄巾军是我们打退的！凭什么我们没赏？,S巾是我打退的！{什N我]p？
MANGA_2_4_2_COMP_3_7,你不能走！,你不能走！
MANGA_2_4_2_COMP_3_8,哼！,哼！
MANGA_2_4_2_COMP_4_5,退下！难道要我斩了你们？,退下！y道要我亓四？
MANGA_2_4_2_COMP_4_6,私带甲刃，与暴民有何区别？,私Ъ兹校c暴民有何^e？
MANGA_2_4_2_COMP_6_5,   驾！,   {！
MANGA_2_4_2_COMP_6_6,滚回去种田吧！,L回去N田吧！
MANGA_2_4_2_COMP_7_5,朝廷污浊腐败，早已病入膏肓。,朝廷污岣。早已病入膏肓。
MANGA_2_4_2_COMP_7_6,当今朝廷就是如此，尽是无能昏庸之辈。,今朝廷就是如此，M是o能昏庸之。
MANGA_2_4_2_COMP_8_5,刘关张这种英雄都受尽屈辱，更何况百姓。,㈥P@N英雄都受M屈辱，更何r百姓。
MANGA_2_4_2_COMP_9_5,想要改变这一切，就必须夺得更多权利，获得更高的地位。,想要改@一切，就必Z得更多嗬，@得更高的地位。
MANGA_30_3_1_COMP_0_5,放过他吧……\n放过我的孩子\n吧……他还小\n……,放^他吧……\n放^我的孩子\n吧……他小\n……
MANGA_30_3_1_COMP_1_3,你死了你孩子也\n活不了啊，你男\n人跟你都死了，\n这么一个小东西\n怎么活啊？,你死了你孩子也\n活不了啊，你男\n人跟你都死了，\n@N一小|西\n怎N活啊？
MANGA_30_3_1_COMP_2_6,一起死在这吧！\n成为主人的祭品，\n你们也能在地下\n相见！,一起死在@吧！\n成橹魅说募榔罚\n你也能在地下\n相！
MANGA_30_3_1_COMP_4_5,你...你是什\n么人！？,你...你是什\nN人！？
MANGA_30_3_1_COMP_4_6,啊啊啊！\n我的手！！,啊啊啊！\n我的手！！
MANGA_30_3_1_COMP_5_5,  垃圾！,  垃圾！
MANGA_30_6_1_COMP_0_5,刘伯隐！你害得我好苦！,⒉[！你害得我好苦！
MANGA_30_6_1_COMP_0_6,如果不是你！我的军队怎么会自相残杀！,如果不是你！我的怎N自相！
MANGA_30_6_1_COMP_0_7,你现在就\n给我死在\n这吧！,你F在就\no我死在\n@吧！
MANGA_30_6_1_COMP_1_5,少废话！我要\n拿你的人头镇\n住我的军队！,少U！我要\n拿你的人^\n住我的！
MANGA_30_6_1_COMP_1_6,张绣你恩将仇\n报！是我救了\n贾诩！,C你恩⒊\n螅∈俏揖攘\nZ！
MANGA_30_6_1_COMP_3_5,张绣在找你呢。,C在找你呢。
MANGA_30_6_1_COMP_3_6,哟，伯隐，你要上哪去啊？,眩伯[，你要上哪去啊？
MANGA_30_6_1_COMP_4_5,没想到真的\n是你……,]想到真的\n是你……
MANGA_30_6_1_COMP_5_5,张大人！出来\n吧！这就是幕\n后黑手！,大人！出\n吧！@就是幕\n後黑手！
MANGA_31_1_1_COMP_0_5,收服张绣之后，曹\n操大喜，连蔡邕也\n随之加官进爵，并\n授权伯隐在许都调\n查想要兴风作浪的\n邪教。,收服C之後，曹\n操大喜，B蔡邕也\nS之加官M爵，K\n授嗖[在S都{\n查想要dL作浪的\n邪教。
MANGA_31_3_2_COMP_0_5,怎么、怎么\n可能……,怎N、怎N\n可能……
MANGA_31_3_2_COMP_0_6,为了掩盖丑闻她\n命人将你遗弃城\n外，后恰巧被蔡\n邕捡了去。,榱搜谏wh她\n命人⒛氵z城\n外，後恰巧被蔡\n邕炝巳ァ
MANGA_31_3_2_COMP_0_7,你身上流着汉室\n宗室的血，是大\n汉公主生下的私\n生子。,你身上流著h室\n宗室的血，是大\nh公主生下的私\n生子。
MANGA_31_3_2_COMP_1_5,你是我汉室\n子弟啊。,你是我h室\n子弟啊。
MANGA_31_3_2_COMP_1_6,蔡邕告诉我你\n身上有着赤龙\n之血，能与玉\n玺共鸣，这是\n宗室之人才可\n能拥有的能力。,蔡邕告V我你\n身上有著赤\n之血，能c玉\nt共Q，@是\n宗室之人才可\n能碛械哪芰Α
MANGA_31_3_2_COMP_2_5,给你刘氏正统\n血脉的地位。,o你⑹险y\n血}的地位。
MANGA_31_3_2_COMP_2_6,只要你助我推\n翻曹操，我便\n与你结为兄弟。,只要你助我推\n翻曹操，我便\nc你Y樾值堋
MANGA_31_3_2_COMP_3_5,这天下便是我们\n的天下，你不用\n混迹泥潭，可在\n天空翱翔，岂不\n快哉！,@天下便是我\n的天下，你不用\n混E泥潭，可在\n天空翱翔，M不\n快哉！
MANGA_31_3_2_COMP_3_6,你便是皇室子弟，\n你便是高高在上\n的龙族，再也不\n用为肮脏的草民\n低头。,你便是皇室子弟，\n你便是高高在上\n的族，再也不\n用轶av的草民\n低^。
MANGA_31_3_2_COMP_4_5,你只是依仗你的血统！,你只是依仗你的血y！
MANGA_31_3_2_COMP_4_6,不，我不愿追随\n你。为什么草民\n就肮脏？为什么\n草民就不能在天\n空翱翔？,不，我不追S\n你。槭颤N草民\n就av？槭颤N\n草民就不能在天\n空翱翔？
MANGA_31_3_2_COMP_5_5,比起你所重视的所谓血统，曹大人的心胸反而更加宽广！,比起你所重的所^血y，曹大人的心胸反而更加V！
MANGA_31_3_2_COMP_6_5,但统统都被你以\n勾结邪教的名义\n抓进牢中。,但yy都被你以\n勾Y邪教的名x\n抓M牢中。
MANGA_31_3_2_COMP_6_6,曹操在利用你，侍\n郎王子服、校尉种\n辑哪个不是忠于汉\n室的忠臣。,曹操在利用你，侍\n郎王子服、校尉N\n哪不是忠於h\n室的忠臣。
MANGA_31_3_2_COMP_7_5,你放心，这件\n事我不会告诉\n曹操！你好自\n为之！,你放心，@件\n事我不告V\n曹操！你好自\n橹！
MANGA_31_3_2_COMP_7_6,那又如何？在你\n的身上我看不到\n未来。,那又如何？在你\n的身上我看不到\n未怼
MANGA_31_3_2_COMP_8_7,糟了，事情要败露了。这样的话，只能知会刘备提前计划。,糟了，事情要÷读恕＿@拥脑，只能知涮崆坝。
MANGA_31_4_1_COMP_0_5,愿闻其详。,其。
MANGA_31_4_1_COMP_0_6,使君知龙之\n变化否？,使君知之\n化否？
MANGA_31_4_1_COMP_12_6,糟了！刘备要害曹大人！,糟了！湟害曹大人！
MANGA_31_4_1_COMP_1_5,升则飞腾于宇\n宙之间，隐则\n潜伏于波涛之\n内。,升twv於宇\n宙之g，[t\n伏于波之\n取
MANGA_31_4_1_COMP_1_6,能大能小，能升\n能隐；大则兴云\n吐雾，小则隐介\n藏形；,能大能小，能升\n能[；大td\n吐F，小t[介\n藏形；
MANGA_31_4_1_COMP_2_5,玄德久历四方，必知当世英雄。请试指言之。,玄德久阉姆剑必知世英雄。指言之。
MANGA_31_4_1_COMP_2_6,方今春深，龙乘\n时变化，犹人得\n志而纵横四海。\n龙之为物，可比\n世之英雄。,方今春深，乘\nr化，q人得\n志而vM四海。\n之槲铮可比\n世之英雄。
MANGA_31_4_1_COMP_3_5,孙策靠父之名，不是英雄。,O策靠父之名，不是英雄。
MANGA_31_4_1_COMP_3_6,有一人血气方刚，江东领袖――孙伯符，他是英雄吗？,有一人血夥，江|I袖――O伯符，他是英雄幔
MANGA_31_4_1_COMP_4_5,袁绍色厉胆薄，\n好谋无断；干大\n事而惜身，见小\n利而忘命；也不\n是英雄。,袁B色薄，\n好\o啵执\n事而惜身，小\n利而忘命；也不\n是英雄。
MANGA_31_4_1_COMP_5_5,河北袁绍，四世三公，门多故吏；今虎踞冀州之地，部下能事者极多，是英雄吗？,河北袁B，四世三公，T多故吏；今虎踞冀州之地，部下能事者O多，是英雄幔
MANGA_31_4_1_COMP_6_5,那请丞相明示。,那丞相明示。
MANGA_31_4_1_COMP_7_5,哈哈哈，今天下英雄，只有刘使君和我而已！,哈哈哈，今天下英雄，只有⑹咕和我而已！
MANGA_31_4_1_COMP_9_5,逆贼伏诛！,逆\伏D！
MANGA_31_4_1_COMP_9_6,既然丞相说我\n是英雄，那今\n日我便英雄到\n底！,既然丞相f我\n是英雄，那今\n日我便英雄到\n底！
MANGA_31_5_1_COMP_0_5,你…居然…居然…居然！,你…居然…居然…居然！
MANGA_31_5_1_COMP_0_6,我待你不薄！,我待你不薄！
MANGA_31_5_1_COMP_1_5,哈哈哈！刘伯\n隐多亏了你激\n怒曹操啊！,哈哈哈！⒉\n[多了你激\n怒曹操啊！
MANGA_31_5_1_COMP_1_6,终于被我找到\n控制曹操的机\n会了！,K於被我找到\n控制曹操的C\n了！
MANGA_31_5_1_COMP_4_5,去死吧！,去死吧！
MANGA_31_5_2_COMP_0_5,曹大人！你难道\n忘了伯隐救你多\n少次了吗！你觉\n得这样的人会背\n叛你吗！？,曹大人！你y道\n忘了伯[救你多\n少次了幔∧阌X\n得@拥娜背\n叛你幔。
MANGA_31_5_2_COMP_0_6,曹大人！住手！,曹大人！住手！
MANGA_31_5_2_COMP_1_5,伯隐……伯隐……是啊……,伯[……伯[……是啊……
MANGA_31_5_2_COMP_2_5,你要是不杀他，他就会杀你啊……,你要是不⑺，他就⒛惆　…
MANGA_31_5_2_COMP_2_6,献帝啊，是\n献帝要杀死\n你啊……,I帝啊，是\nI帝要⑺\n你啊……
MANGA_31_5_2_COMP_3_5,是谁！？告\n诉我！,是l！？告\nV我！
MANGA_31_5_2_COMP_3_6,曹操啊！假如你\n原谅了面前的人，\n那不算什么，但\n有一个人你必须\n杀死！,曹操啊！假如你\n原了面前的人，\n那不算什N，但\n有一人你必\n⑺溃
MANGA_31_5_2_COMP_4_5,没错！没错！\n是这样！,]e！]e！\n是@樱
MANGA_31_5_2_COMP_5_2,哈哈哈！刘协小\n儿！我这就去取\n了你的命！,哈哈哈！f小\n海∥疫@就去取\n了你的命！
MANGA_31_6_2_COMP_2_5,快把反贼给\n我拿下！,快把反\o\n我拿下！
MANGA_31_6_2_COMP_2_6,主公！我等\n护驾来迟！,主公！我等\no{磉t！
MANGA_32_1_1_COMP_0_5,伯隐因和曹操拔剑\n相向，被锁拿下狱，\n有人建议杀掉伯隐，\n废汉献帝，也有人\n说不能轻举妄动，\n失去王道大义。,伯[因和曹操拔\n相向，被i拿下z，\n有人建h⒌舨[，\nUhI帝，也有人\nf不能pe妄樱\n失去王道大x。
MANGA_32_1_1_COMP_0_6,曹操犹豫之中，有人\n来报刘备已经逃往下\n邳，日夜练兵，修书\n袁绍、刘表等，要讨\n伐窃国之贼曹操。,曹操q豫之中，有人\n湟呀逃往下\n邳，日夜兵，修\n袁B、⒈淼龋要\n伐`之\曹操。
MANGA_32_2_1_COMP_2_5,难道有真龙\n血脉之人接\n近？！不会\n是曹大人…,y道有真\n血}之人接\n近？！不\n是曹大人…
MANGA_32_2_1_COMP_2_6,这是血脉的\n鼓动？,@是血}的\n鼓樱
MANGA_32_2_1_COMP_3_5,难道！,y道！
MANGA_32_2_1_COMP_4_5,全军准备迎战！\n刘备将趁夜色劫\n营！把我的马牵\n来！,全溆穑\n⒊靡股劫\nI！把我的R\n恚
MANGA_33_1_1_COMP_0_5,伯隐带着关羽胜\n利回师，得到了\n曹操的嘉许。,伯[еP羽\n利回，得到了\n曹操的嘉S。
MANGA_33_1_1_COMP_0_6,不过，关羽明确表示\n降汉不降曹之后，曹\n操便开始设计如何收\n服关羽。,不^，P羽明_表示\n降h不降曹之後，曹\n操便_始O如何收\n服P羽。
MANGA_33_1_1_COMP_1_5,时值曹操，袁绍的大军\n在白马布阵，伯隐再次\n被派往前线。,r值曹操，袁B的大\n在白R殃，伯[再次\n被派往前。
MANGA_33_1_1_COMP_2_5,正好来找二爷，\n没想到二爷就在\n院内！,正好碚叶，\n]想到二就在\n院龋
MANGA_33_1_1_COMP_2_6,在下再次被派\n往阵前，明日\n出行，特来跟\n关二爷辞行。,在下再次被派\n往前，明日\n出行，特砀\nP二o行。
MANGA_33_1_1_COMP_2_7,恭喜伯隐兄\n重获曹丞相\n信任。,恭喜伯[兄\n重@曹丞相\n信任。
MANGA_33_1_1_COMP_3_5,丞相怕是想\n让我无颜见\n大哥啊……,丞相怕是想\n我o\n大哥啊……
MANGA_33_1_1_COMP_3_6,…丞相将我跟\n嫂嫂安排在一\n间屋内。,…丞相⑽腋\n嫂嫂安排在一\ng屋取
MANGA_33_1_1_COMP_3_7,就是二爷为何\n这么晚了，还\n不入房休息？,就是二楹\n@N晚了，\n不入房休息？
MANGA_33_1_1_COMP_4_5,丞相永远不信任\n他人，才会用这\n种小伎俩不停试\n探。,丞相永h不信任\n他人，才用@\nN小伎z不停\n探。
MANGA_33_1_1_COMP_4_6,若是大哥必不会\n如此，所以大哥\n才是值得托付忠\n诚之人。,若是大哥必不\n如此，所以大哥\n才是值得付忠\n\之人。
MANGA_33_1_1_COMP_5_5,哎，我的老师蔡\n邕尚在丞相手中，\n我也不得不为曹\n操作战。,哎，我的老蔡\n邕尚在丞相手中，\n我也不得不椴\n操作稹
MANGA_33_1_1_COMP_5_6,都是身不由\n己啊……,都是身不由\n己啊……
MANGA_33_6_2_COMP_0_5,哼。,哼。
MANGA_33_6_2_COMP_1_5,哈哈！将军\n真是神人下\n凡啊！,哈哈！④\n真是神人下\n凡啊！
MANGA_33_6_2_COMP_2_5,刘备就在袁绍军中，\n要是袁绍知道爱将\n颜良死于关羽手下，\n一定会怀疑刘备。,渚驮谠B中，\n要是袁B知道\n良死於P羽手下，\n一定岩洹
MANGA_34_5_2_COMP_0_7,文丑哪里逃！,文h哪e逃！
MANGA_34_6_2_COMP_0_6,关羽！本以为你\n明白是非轻重，\n没想到你居然还\n想再投刘备。,P羽！本以槟\n明白是非p重，\n]想到你居然\n想再投洹
MANGA_34_6_2_COMP_0_7,既然如此，那就\n必须审判你参与\n刺杀之事！,既然如此，那就\n必判你⑴c\n刺⒅事！
MANGA_34_6_2_COMP_1_5,要不是因为嫂\n嫂还在你手里\n……,要不是因樯\n嫂在你手e\n……
MANGA_34_6_2_COMP_2_5,哈哈哈！嫂嫂！\n你命都要没了，\n还关心你大哥老\n婆啊？,哈哈哈！嫂嫂！\n你命都要]了，\nP心你大哥老\n婆啊？
MANGA_34_6_2_COMP_2_6,曹大人，关羽投降\n之时，我曾答应他，\n只要再得到刘备的\n消息，就放他去找\n刘备……,曹大人，P羽投降\n之r，我曾答他，\n只要再得到涞\n消息，就放他去找\n洹…
MANGA_34_6_2_COMP_3_5,那又如何，那是\n你与他的约定，\n可不是我曹操定\n下的。,那又如何，那是\n你c他的s定，\n可不是我曹操定\n下的。
MANGA_34_6_2_COMP_4_6,可是曹大人…\n关羽为你立下\n这么多汗马功\n劳……,可是曹大人…\nP羽槟懔⑾\n@N多汗R功\n凇…
MANGA_34_6_2_COMP_4_7,曹大人，不如让\n伯隐用他的功劳\n来抵偿他跟关羽\n的约定。,曹大人，不如\n伯[用他的功\n淼他跟P羽\n的s定。
MANGA_34_6_2_COMP_5_5,好！,好！
MANGA_34_6_2_COMP_6_5,好！只要你能立\n下击败袁绍的大\n功，我就能考虑\n释放关羽！,好！只要你能立\n下≡B的大\n功，我就能考]\n放P羽！
MANGA_35_1_1_COMP_0_5,曹操命令伯隐前去\n调查，并将郭嘉的\n一枚锦囊交于伯隐，\n要求他在清剿邪教\n的关键时刻打开此\n锦囊。,曹操命令伯[前去\n{查，K⒐嘉的\n一枚\囊交于伯[，\n要求他在清剿邪教\n的PIr刻打_此\n\囊。
MANGA_35_1_1_COMP_0_6,伯隐在曹操处伴君如\n伴虎，多次遇险。正\n当此时，江东兴起邪\n教。,伯[在曹操伴君如\n伴虎，多次遇U。正\n此r，江|d起邪\n教。
MANGA_35_4_2_COMP_1_5,奇怪，怎么\n没有血渗出\n来……,奇怪，怎N\n]有血B出\n怼…
MANGA_35_4_2_COMP_4_5,你们！你们！你们……,你！你！你……
MANGA_35_4_2_COMP_4_6,杀了朝廷厉\n鬼吧！,⒘顺廷\n鬼吧！
MANGA_35_4_2_COMP_4_7,救苦救难的\n大神仙啊！,救苦救y的\n大神仙啊！
MANGA_35_4_2_COMP_4_8,神仙啊！,神仙啊！
MANGA_35_4_2_COMP_5_5,糟了，孙策孤\n军深入，要是\n碰到大量邪教\n徒……,糟了，O策孤\n深入，要是\n碰到大量邪教\n徒……
MANGA_35_4_2_COMP_7_6,啊对，有锦囊！,啊Γ有\囊！
MANGA_35_5_1_COMP_0_5,半个月前,半月前
MANGA_35_5_1_COMP_1_7,想跟袁绍南北夹攻我了吗！,想跟袁B南北A攻我了幔
MANGA_35_5_1_COMP_1_8,他想要多大的地盘！？难道江东还不够他的胃口了吗！,他想要多大的地P！？y道江|不蛩的胃口了幔
MANGA_35_5_1_COMP_1_9,哼！这孙策，居然又来问我大司马的职位！,哼！@O策，居然又我大司R的位！
MANGA_35_5_1_COMP_2_5,孙策骁勇善战，\n手下兵多将广，\n怕是不好对付\n啊。,O策勇善穑\n手下兵多V，\n怕是不好Ω\n啊。
MANGA_35_5_1_COMP_2_6,主公息怒，若\n是担心孙策有\n不臣之心，可\n以暗中除之。,主公息怒，若\n是心O策有\n不臣之心，可\n以暗中除之。
MANGA_35_5_1_COMP_3_5,孙策只有匹夫之\n勇，身边戒备不\n严，如果使用暗\n杀的话……,O策只有匹夫之\n勇，身戒洳\n溃如果使用暗\n⒌脑……
MANGA_35_5_1_COMP_6_5,……这是！,……@是！
MANGA_35_5_2_COMP_0_3,哇\n啊\n啊\n啊\n啊\n！,哇\n啊\n啊\n啊\n啊\n！
MANGA_35_5_2_COMP_1_6,可恶……,可骸…
MANGA_35_6_2_COMP_0_5,江东的稳定，还\n要靠孙家呢！世\n人必然以为我与\n孙家关系融洽，\n真是有趣！,江|的定，\n要靠O家呢！世\n人必然以槲遗c\nO家PS融洽，\n真是有趣！
MANGA_35_6_2_COMP_0_6,郭嘉！帮我拟定\n奏章一封，封赏\n孙权！,郭嘉！臀M定\n奏章一封，封p\nO啵
MANGA_35_6_2_COMP_0_7,哈哈哈！干得好！\n伯隐你做的真好！\n孙策已死，我心中\n大石落下了！,哈哈哈！值煤茫\n伯[你做的真好！\nO策已死，我心中\n大石落下了！
MANGA_35_6_2_COMP_1_5,我……在这乱\n世，也只是一\n个棋子而已。,我……在@y\n世，也只是一\n棋子而已。
MANGA_36_1_1_COMP_0_5,与此同时，为了让\n关羽重获自由，伯\n隐也自告奋勇加入\n先锋军。,c此同r，榱俗\nP羽重@自由，伯\n[也自告^勇加入\n先h。
MANGA_36_1_1_COMP_0_6,曹操与袁绍屯兵\n官渡，决战一触\n即发。,曹操c袁B屯兵\n官渡，Q鹨挥|\n即l。
MANGA_36_2_2_COMP_3_5,这样一会就\n能清理完了！,@右就\n能清理完了！
MANGA_36_3_1_COMP_0_5,这是想搞突\n然袭击吗？,@是想搞突\n然u幔
MANGA_36_3_1_COMP_0_6,袁绍军挖掘地\n道，可能想直\n通我军营中！,袁B挖掘地\n道，可能想直\n通我I中！
MANGA_36_3_1_COMP_1_5,好计谋！就按\n伯隐所说的来\n吧。,好\！就按\n伯[所f的\n吧。
MANGA_36_3_1_COMP_1_6,丞相不用担忧，可\n在军营外挖一圈壕\n沟，袁绍军只要一\n露头我们就能反杀\n回他们营中！,丞相不用n，可\n在I外挖一圈壕\n希袁B只要一\n露^我就能反\n回他I中！
MANGA_36_3_1_COMP_2_5,是！,是！
MANGA_36_3_1_COMP_2_6,有消息来报，袁\n绍的运粮车队正\n在粮道上。伯隐，你去劫粮。,有消息螅袁\nB的\Z正\n在Z道上。伯[，你去劫Z。
MANGA_36_4_2_COMP_1_5,给我全烧掉！\n一粒米都不要\n留给袁绍！,o我全掉！\n一粒米都不要\n留o袁B！
MANGA_36_4_2_COMP_2_6,我们来一招回马枪！,我硪徽谢伛R！
MANGA_36_4_2_COMP_2_7,放完火的\n人跟上我！,放完火的\n人跟上我！
MANGA_37_4_1_COMP_1_6,兵没了你居然\n还敢回来！,兵]了你居然\n敢回恚
MANGA_37_4_1_COMP_1_7,刘伯隐只率领了\n一支偏师，居然\n就让你的大军溃\n不成军！你是吃\n屎的吗！,⒉[只率I了\n一支偏，居然\n就你的大\n不成！你是吃\n屎的幔
MANGA_37_4_1_COMP_2_6,父亲，就由我\n来率军会会刘\n伯隐！,父H，就由我\n砺受\n伯[！
MANGA_37_6_2_COMP_0_5,取得了官渡之战胜利\n的曹操，终于占据了\n整个北方中原地带，\n战略的天平向他大幅\n倾斜。,取得了官渡之倮\n的曹操，K於了\n整北方中原地В\n鹇缘奶炱较蛩大幅\nA斜。
MANGA_38_1_1_COMP_0_5,虽然曹操取得了官渡之战的胜利，但为了防止袁绍也像袁术一样魔化成为怪物与曹军作战，郭嘉建议伯隐秘密前往袁绍藏身的冀州刺杀。,m然曹操取得了官渡之鸬倮，但榱朔乐乖B也像袁g一幽Щ成楣治锱c曹作穑郭嘉建h伯[秘密前往袁B藏身的冀州刺。
MANGA_38_1_1_COMP_1_5,虽然不满郭嘉总是给自己\n安排见不得光的任务，但\n为了救出关羽，他必须抓\n住每一个立功的机会。,m然不M郭嘉是o自己\n安排不得光的任眨但\n榱司瘸鲫P羽，他必抓\n住每一立功的C。
MANGA_38_2_2_COMP_10_6,很快，你就会\n心甘情愿地成\n为奴隶了。,很快，你就\n心甘情地成\n榕`了。
MANGA_38_2_2_COMP_3_5,袁公，只要你从\n了我，就能获得\n强大的力量！曹\n操之流，再也不\n足为虑啊。,袁公，只要你\n了我，就能@得\n大的力量！曹\n操之流，再也不\n足]啊。
MANGA_38_2_2_COMP_3_6,条件是成为项羽的奴仆？,l件是成轫羽的奴W？
MANGA_38_2_2_COMP_4_5,没错！只要你\n成为主人的奴\n仆，就能拥抱\n玉玺的力量。,]e！只要你\n成橹魅说呐\nW，就能肀\n玉t的力量。
MANGA_38_2_2_COMP_6_5,你想干什么！？,你想质颤N！？
MANGA_38_2_2_COMP_7_5,我袁绍固然现在输的一败涂地，但绝不做任何人的奴隶！,我袁B固然F在的一T地，但^不做任何人的奴`！
MANGA_38_2_2_COMP_8_5,我以前不是奴\n隶！以后也不\n会是奴隶！,我以前不是奴\n`！以後也不\n是奴`！
MANGA_38_2_2_COMP_9_5,哈哈哈哈！\n我看你能坚\n持多久！,哈哈哈哈！\n我看你能\n持多久！
MANGA_38_5_2_COMP_0_5,袁公！,袁公！
MANGA_38_5_2_COMP_2_5,我袁本初纵横天下……居然……也有今天……,我袁本初vM天下……居然……也有今天……
MANGA_38_6_2_COMP_2_5,这就是魔化的结果吗……\n真是丑陋不堪……,@就是魔化的Y果帷…\n真是h陋不堪……
MANGA_39_4_2_COMP_2_5,是孙坚和孙策!?,是O院O策!?
MANGA_39_4_2_COMP_3_5,这两个人你眼不眼熟啊？哈哈哈哈！,@人你眼不眼熟啊？哈哈哈哈！
MANGA_39_4_2_COMP_4_5,就由他们来陪你玩玩吧！,就由他砼隳阃嫱姘桑
MANGA_39_5_1_COMP_0_5,刘伯隐……那天你居然弃我而去，害我死在落石中……,⒉[……那天你居然我而去，害我死在落石中……
MANGA_39_5_1_COMP_1_5,伯隐……你一直图谋害我……你来江东见我，就是想置我于死地。,伯[……你一直D\害我……你斫|我，就是想置我於死地。
MANGA_39_5_1_COMP_2_5,为什么……为什么是你们……,槭颤N……槭颤N是你……
MANGA_39_5_1_COMP_2_6,拿命来！拿命来！拿命来！,拿命恚∧妹恚∧妹恚
MANGA_39_5_1_COMP_3_6,你们的死跟我无关，我为何要畏惧！？,你的死跟我oP，我楹我畏郑。
MANGA_39_5_1_COMP_4_5,大人！我来\n帮你！,大人！我\n湍悖
MANGA_39_5_1_COMP_5_5,好！不过要小心！他们感觉很不对劲！,好！不^要小心！他感X很不牛
MANGA_3_1_2_COMP_1_5,哼！不堪一击！,哼！不堪一簦
MANGA_3_1_2_COMP_2_5,好！,好！
MANGA_3_1_2_COMP_2_6,兄长跟三弟就在前方！随我来！,兄L跟三弟就在前方！S我恚
MANGA_3_2_2_COMP_3_5,好！也能让他们留条性命！,好！也能他留l性命！
MANGA_3_2_2_COMP_3_6,我们可以领兵突袭敌方粮仓，断其粮草之后敌军必定大乱！,我可以I兵突u撤郊Z}，嗥浼Z草之後耻必定大y！
MANGA_3_2_2_COMP_4_1,我有一计！,我有一！
MANGA_3_2_2_COMP_4_2,这些贼头怎么这么多！这样要打到什么时候！,@些\^怎N@N多！@右打到什Nr候！
MANGA_3_6_2_COMP_10_5,……这是！,……@是！
MANGA_3_6_2_COMP_11_5,   啊啊啊！\n   救命！,   啊啊啊！\n   救命！
MANGA_3_6_2_COMP_11_6,   是恶鬼！,   是汗恚
MANGA_3_6_2_COMP_11_7, 这是什么！, @是什N！
MANGA_3_6_2_COMP_12_5,你们都留在这！,你都留在@！
MANGA_3_6_2_COMP_12_6,成为我的粮食！成为我的力量吧！,成槲业募Z食！成槲业牧α堪桑
MANGA_3_6_2_COMP_14_5,   受死吧！,   受死吧！
MANGA_3_6_2_COMP_1_5,你们以为自己赢了？,你以樽约黑A了？
MANGA_3_6_2_COMP_2_6,不，你们输了，你们的末日才刚刚开始！,不，你了，你的末日才_始！
MANGA_3_6_2_COMP_3_5,大家小心！,大家小心！
MANGA_3_6_2_COMP_3_6,离他远一点！,x他h一c！
MANGA_3_6_2_COMP_5_5,你们都得死！,你都得死！
MANGA_40_1_1_COMP_0_5,统一北方后，曹操的权势空前强大。,y一北方後，曹操的菘涨大。
MANGA_40_1_1_COMP_1_5,伯隐应郭嘉的命令，前往拦截袁绍残部企图销毁的机密图册。,伯[郭嘉的命令，前往r截袁B部企DNУC密D浴
MANGA_40_3_2_COMP_3_3,卫\n仲\n道\n！,l\n仲\n道\n！
MANGA_40_3_2_COMP_4_5,刚回过神来，就被你们发现了。,回^神恚就被你lF了。
MANGA_40_3_2_COMP_4_6,本来挺顺利的，只是最近不得不去腐化袁氏几兄弟，才放松了对曹操的控制。,本硗利的，只是最近不得不去腐化袁氏仔值埽才放了Σ懿俚目刂啤
MANGA_40_3_2_COMP_6_5,我本来有机会杀死你，但现在……,我本碛C⑺滥悖但F在……
MANGA_40_3_2_COMP_7_5,就让龙之间的猜疑杀死你吧！,就之g的猜疑⑺滥惆桑
MANGA_40_4_1_COMP_0_5,可恶！你……站住！,可海∧恪…站住！
MANGA_40_4_1_COMP_2_5,别管这事了……\n你快逃吧……,e管@事了……\n你快逃吧……
MANGA_40_4_1_COMP_3_5,为什么，可是你还……,槭颤N，可是你……
MANGA_40_4_1_COMP_3_6,伤太重，我已经……好不了了……你快逃吧！,太重，我已……好不了了……你快逃吧！
MANGA_40_4_1_COMP_4_5,卫仲道要陷害你！,l仲道要陷害你！
MANGA_40_4_1_COMP_4_6,你如果回去，主公一定会认为是你杀了我。,你如果回去，主公一定J槭悄⒘宋摇
MANGA_40_4_1_COMP_5_5,可是关羽还在曹营……,可是P羽在曹I……
MANGA_40_4_1_COMP_6_5,假如你想救关羽的话……就去把另一个人放出来，他是……,假如你想救P羽的……就去把另一人放出恚他是……
MANGA_40_4_1_COMP_7_5,靠他？,靠他？
MANGA_40_6_2_COMP_1_5,刘伯隐！？,⒉[！？
MANGA_41_6_2_COMP_0_6,吕布当心！,尾籍心！
MANGA_41_6_2_COMP_11_5,曹叔叔！,曹叔叔！
MANGA_41_6_2_COMP_11_6,不要伤害伯隐！,不要害伯[！
MANGA_41_6_2_COMP_12_6,文、文姬……,文、文姬……
MANGA_41_6_2_COMP_13_6,呀啊！,呀啊！
MANGA_41_6_2_COMP_14_3,我……我在做什么……怎么回事！,我……我在做什N……怎N回事！
MANGA_41_6_2_COMP_15_4,我！啊啊啊啊啊啊啊！,我！啊啊啊啊啊啊啊！
MANGA_41_6_2_COMP_15_5,火墙消失了，大家快逃！！,火消失了，大家快逃！！
MANGA_41_6_2_COMP_2_5,伯隐，你真的背叛了我。,伯[，你真的背叛了我。
MANGA_41_6_2_COMP_4_6,你们哪都别去，给我留在这！,你哪都e去，o我留在@！
MANGA_42_6_2_COMP_0_5,关羽过东岭关时杀孔秀。,P羽^|XPr⒖仔恪
MANGA_42_6_2_COMP_1_5,过洛阳城时杀韩福、孟坦。,^洛城r㈨n福、孟坦。
MANGA_42_6_2_COMP_2_5,过汜水关时杀卞喜；过荥阳时杀太守王植。,^汜水Pr⒈逑玻贿^铌r⑻守王植。
MANGA_42_6_2_COMP_3_5,过黄河渡口时杀秦琪，五关共计六将！,^S河渡口r⑶冂鳎五P共六！
MANGA_43_1_1_COMP_0_3,伯隐跟关羽二人终于抵达荆州，此时刘备正寄居于刘表之下，屯兵新野。,伯[跟P羽二人K於抵_G州，此r湔寄居于⒈碇下，屯兵新野。
MANGA_43_6_2_COMP_2_5,刘邦……我终于找到你了。这一次，你无路可逃！,邦……我K於找到你了。@一次，你o路可逃！
MANGA_44_1_1_COMP_0_5,刘表以证据不足为\n由没有追究蔡瑁之\n事，而位于樊城的\n曹仁和李典此刻则\n趁着荆州动乱，对\n刘备发兵试探。,⒈硪宰C不足\n由]有追究蔡瑁之\n事，而位於樊城的\n曹仁和李典此刻t\n趁著G州y，\n浒l兵探。
MANGA_45_1_1_COMP_0_5,为了增强实力，刘备和伯隐需寻求更多龙的帮助。,榱嗽力，浜筒[需で蟾多的椭。
MANGA_45_1_1_COMP_1_5,而有一个山岗，散发出了强大的龙之血脉的力量，那里叫做卧龙岗。,而有一山，散l出了大的之血}的力量，那e叫做P。
MANGA_45_6_2_COMP_1_5,将军既然不嫌弃，我愿效犬马之劳！,④既然不嫌，我效犬R之冢
MANGA_46_1_1_COMP_0_5,在诸葛亮加入刘备\n军后，伯隐言明了\n玉玺的秘密。诸葛\n亮告诉了伯隐一条\n消息。,在T葛亮加入\n後，伯[言明t\n玉t的秘密。T葛\n亮告V了伯[一l\n消息。
MANGA_46_1_1_COMP_1_5,黄祖与神秘宗教势力\n联系密切，很可能江\n夏就是左慈邪教盘踞\n之处。于是伯隐前往\n探查……,S祖c神秘宗教萘\nM密切，很可能江\n夏就是左慈邪教P踞\n之。於是伯[前往\n探查……
MANGA_46_4_2_COMP_1_7,喂！还来真\n的啊？你小\n子最好给我\n适可而止！,喂！碚\n的啊？你小\n子最好o我\nm可而止！
MANGA_46_4_2_COMP_2_5,而且当时是你\n爸先动手要夺\n我性命的好吗！,而且r是你\n爸先邮忠Z\n我性命的好幔
MANGA_46_4_2_COMP_2_6,你烦不烦人，\n我那时候是黄\n祖的手下，我\n有什么办法！？ ,你┎┤耍\n我那r候是S\n祖的手下，我\n有什Nk法！？
MANGA_46_4_2_COMP_2_7,拿命来！,拿命恚
MANGA_47_1_1_COMP_0_5,刚刚加入刘备军的诸葛\n亮定下火烧博望坡的策\n略，虽然关羽张飞等人\n心中不服，但在刘备的\n要求下，还是执行了诸\n葛亮的战术。,加入滠的T葛\n亮定下火博望坡的策\n略，m然P羽w等人\n心中不服，但在涞\n要求下，是绦辛酥T\n葛亮的鹦g。
MANGA_47_1_1_COMP_1_5,诸葛亮加入刘备阵\n营后不久，夏侯\n发动十万大军，进\n攻刘备。,T葛亮加入潢\nI後不久，夏侯\nl邮f大，M\n攻洹
MANGA_48_1_1_COMP_0_5,此时曹军中已\n有部分将领受\n到曹操影响，\n开始魔化，而\n夏侯对曹操\n的疑虑也开始\n加深。,此r曹中已\n有部分㈩I受\n到曹操影，\n_始魔化，而\n夏侯Σ懿\n的疑]也_始\n加深。
MANGA_48_1_1_COMP_0_6,夏侯的失败彻底激\n怒曹操，于是曹操发\n动大军，发誓要踏平\n刘备。,夏侯的失氐准\n怒曹操，於是曹操l\n哟筌，l誓要踏平\n洹
MANGA_48_1_1_COMP_1_5,面对曹操的威\n胁，刘备决定\n带领新野附近\n的居民撤离。,面Σ懿俚耐\n{，Q定\nьI新野附近\n的居民撤x。
MANGA_48_6_1_COMP_3_5,那个漩涡是什\n么！？被吸走\n的，难道是士\n兵的魂魄？,那漩u是什\nN！？被吸走\n的，y道是士\n兵的魂魄？
MANGA_48_6_1_COMP_5_5,力量，力量……\n更多的力量，把\n你们的恐惧和愤\n怒都交给我……,力量，力量……\n更多的力量，把\n你的恐趾\n怒都交o我……
MANGA_48_6_1_COMP_6_5,我就能获得更\n多的力量……,我就能@得更\n多的力量……
MANGA_49_6_1_COMP_0_5,杀！,！
MANGA_49_6_1_COMP_2_7,谁能拦我！,l能r我！
MANGA_4_1_1_COMP_0_1,   步练师！,   步！
MANGA_4_1_1_COMP_0_2,   步练师！,   步！
MANGA_4_1_1_COMP_1_5,一直喊不停，文姬都被你气走了。,一直喊不停，文姬都被你庾吡恕
MANGA_4_1_1_COMP_1_6,   步练师！,   步！
MANGA_4_1_1_COMP_2_5,就是可惜了，我没能找到步练师。,就是可惜了，我]能找到步。
MANGA_4_1_1_COMP_2_6,不用行礼了，我也才到。,不用行Y了，我也才到。
MANGA_4_1_1_COMP_2_7,曹大人！,曹大人！
MANGA_4_1_1_COMP_3_5,  难道……,  y道……
MANGA_4_1_1_COMP_4_5,曹都尉！有军情！,曹都尉！有情！
MANGA_4_1_1_COMP_5_5,谢曹大人。,x曹大人。
MANGA_4_1_1_COMP_5_6,能确定步练师还没被带到张角那，所以说不定还活着。,能_定步]被У角那，所以f不定活著。
MANGA_4_1_1_COMP_6_5,伯隐先好好休养，我会差遣人继续打探她的消息。,伯[先好好休B，我差遣人^m打探她的消息。
MANGA_4_1_1_COMP_7_5,他身上的纹身，就是蔡邕所提的赤龙血脉？,他身上的y身，就是蔡邕所提的赤血}？
MANGA_4_1_1_COMP_8_5,这到底是什么东西，小碎块怎么还能融合大的……,@到底是什N|西，小碎K怎N能融合大的……
MANGA_4_1_1_COMP_9_5,不管了，先收着吧。,不管了，先收著吧。
MANGA_4_3_2_COMP_1_6,头、头领说要找到张角的玉石……玉石一定在参与围攻的人身上……,^、^If要找到角的玉石……玉石一定在⑴c攻的人身上……
MANGA_4_3_2_COMP_1_7,你们想干什么！？,你想质颤N！？
MANGA_4_3_2_COMP_1_8,为什么抓这么多武将？,槭颤N抓@N多武？
MANGA_4_3_2_COMP_2_5,找到了！\n在这里！\n在这！,找到了！\n在@e！\n在@！
MANGA_4_3_2_COMP_3_5,你们说是这个？,你f是@？
MANGA_4_3_2_COMP_3_6,……玉石？,……玉石？
MANGA_4_3_2_COMP_4_5,玉……,玉……
MANGA_4_3_2_COMP_5_5,一样的玉石…一样的妖术…这些家伙是一伙的！,一拥挠袷…一拥难g…@些砘锸且烩返模
MANGA_4_6_1_COMP_0_5,终于进城了，这些门卫肯定被买通了，不然哪会拖这么长时间。,K於M城了，@些Tl肯定被I通了，不然哪拖@NLrg。
MANGA_4_6_1_COMP_10_1,哦？居然是赤龙血脉的所有者！,哦？居然是赤血}的所有者！
MANGA_4_6_1_COMP_10_2,你想要阻止我们吗？,你想要阻止我幔
MANGA_4_6_1_COMP_13_1,那来试试\n便是~,那碓\n便是~
MANGA_4_6_1_COMP_1_5,迟了，刚才宫里探子来消息了，灵帝已经驾崩。,t了，才me探子硐息了，`帝已{崩。
MANGA_4_6_1_COMP_1_6,   什么！？,   什N！？
MANGA_4_6_1_COMP_2_5,伯隐你去找玉玺，我去找何国舅一起对付十常侍！,伯[你去找玉t，我去找何舅一起Ω妒常侍！
MANGA_4_6_1_COMP_3_6,十常侍秘不发丧，我们必须尽快回宫！,十常侍秘不l剩我必快回m！
MANGA_4_6_1_COMP_3_7,不能让他们得逞！迟一步我们就输了！,不能他得逞！t一步我就了！
MANGA_4_6_1_COMP_8_1,   什么人！,   什N人！
MANGA_4_6_1_COMP_9_5,谁！？,l！？
MANGA_4_6_2_COMP_0_1,在十常侍的权势之下，诸人岌岌可危。,在十常侍的葜下，T人岌岌可危。
MANGA_4_6_2_COMP_0_2,何进扶植刘辩成为汉少帝，但却未能抓住十常侍和妖道勾结的核心证据。,何M扶植⑥q成h少帝，但s未能抓住十常侍和妖道勾Y的核心C。
MANGA_50_1_2_COMP_0_5,小贼哪里跑！,小\哪e跑！
MANGA_50_1_2_COMP_1_5,你敢伤我哥……,你敢我哥……
MANGA_50_3_2_COMP_1_3,我乃燕人张翼德！谁敢与我决一死战！,我乃燕人翼德！l敢c我Q一死穑
MANGA_50_3_2_COMP_4_5,战又不战！退又不退！却是何故！,鹩植穑⊥擞植煌耍s是何故！
MANGA_50_3_2_COMP_7_3,退军！,退！
MANGA_51_1_1_COMP_0_5,刘备逃亡至江夏，得到\n蔡氏宗族已将荆州献给\n曹操的消息。刘备穷途\n末路，而此时刘邦又告\n诉大家，曹操几乎已经\n接近项羽本体。,涮油鲋两夏，得到\n蔡氏宗族已⑶G州Io\n曹操的消息。涓F途\n末路，而此r邦又告\nV大家，曹操缀跻呀\n接近羽本w。
MANGA_51_1_1_COMP_1_5,只要他继续吞噬真\n龙血脉，很快就能\n获得完整的力量。\n到那时候，魔兵肆\n虐，血雨腥风永不\n停歇。,只要他^m吞噬真\n血}，很快就能\n@得完整的力量。\n到那r候，魔兵肆\n虐，血雨腥L永不\n停歇。
MANGA_51_6_2_COMP_10_6,妖道，你\n尽管再试\n试！,妖道，你\n管再\n！
MANGA_51_6_2_COMP_9_5,又故伎\n重演！,又故伎\n重演！
MANGA_51_6_2_COMP_9_6,这招对\n我没用！,@招\n我]用！
MANGA_52_1_1_COMP_0_5,孙权终于意识到魔王\n项羽的势力无孔不入，\n只有奋起反抗方能绝\n地求生，否则只会被\n分化瓦解，如同匹夫\n一样死去。,O嘟K於意R到魔王\n羽的萘o孔不入，\n只有^起反抗方能^\n地求生，否t只被\n分化瓦解，如同匹夫\n一铀廊ァ
MANGA_52_1_1_COMP_0_6,孙权终于下定决心与\n刘备共同抗曹，甚至\n同意步练师回到伯隐\n身边。,O嘟K於下定Q心c\n涔餐抗曹，甚至\n同意步回到伯[\n身。
MANGA_52_1_1_COMP_1_5,但就算如此，东吴内部\n依旧争论不休，认为不\n该与曹操开战，直到诸\n葛亮念了著名的伪诗：\n“揽二乔于东南兮，乐\n朝夕之与共。”,但就算如此，|炔\n依f不休，J椴\nc曹操_穑直到T\n葛亮念了著名的卧：\n“二逃|南兮，\n朝夕之c共。”
MANGA_52_1_1_COMP_1_6,让周瑜大怒，表\n示一定要和曹操\n死战到底。,周瑜大怒，表\n示一定要和曹操\n死鸬降住
MANGA_52_3_1_COMP_0_5,曹丕《登台赋》：“飞阁\n崛其特起，层楼俨以承天。\n步逍遥以容，聊游目于西\n山。溪谷纡以交错，草木\n郁其相连。风飘飘而吹衣，\n鸟飞鸣而过前。申踌躇以\n周览，临城隅之通川。”,曹丕《登_x》：“ww\n崛其特起，耙猿刑臁\n步逍b以容，聊游目於西\n山。溪Yu以交e，草木\n郁其相B。Lhh而吹衣，\nBwQ而^前。申P躇以\n周[，R城隅之通川。”
MANGA_53_1_1_COMP_0_5,孙刘联军正式形成，\n而与此同时曹操打\n算渡江。,O⒙正式形成，\n而c此同r曹操打\n算渡江。
MANGA_53_4_2_COMP_0_5,谢谢曹丞相\n的箭！,xx曹丞相\n的箭！
MANGA_54_3_2_COMP_0_6,大都督！刘伯隐\n害死主公父兄，\n此仇不报我黄盖\n不如死了算了！,大都督！⒉[\n害死主公父兄，\n此仇不笪尹Sw\n不如死了算了！
MANGA_54_3_2_COMP_1_5,放肆！,放肆！
MANGA_54_3_2_COMP_1_6,把他的上衣扒\n了！拉到外面\n打一百军棍！,把他的上衣扒\n了！拉到外面\n打一百棍！
MANGA_54_3_2_COMP_1_7,让所有人都看\n看不听军令的\n下场！,所有人都看\n看不令的\n下觯
MANGA_54_3_2_COMP_2_5,都督……我\n不服啊……\n都督！,都督……我\n不服啊……\n都督！
MANGA_54_3_2_COMP_3_5,伯隐兄抱歉了，\n黄盖我会好好\n处理，不会伤\n了孙刘联军的\n和气。,伯[兄抱歉了，\nSw我好好\n理，不\n了O⒙的\n和狻
MANGA_54_3_2_COMP_5_5,大都督，黄\n盖……,大都督，S\nw……
MANGA_54_3_2_COMP_6_5,放心，就等\n那边的人上\n钩了。,放心，就等\n那的人上\n^了。
MANGA_54_3_2_COMP_7_3,那我今夜就潜入黄\n盖营中埋伏，但我\n还需要拥有龙血的\n人来辅助……,那我今夜就入S\nwI中埋伏，但我\n需要碛旋血的\n人磔o助……
MANGA_54_3_2_COMP_7_4,已经有人自告\n奋勇报名了，\n你放心吧。,已有人自告\n^勇竺了，\n你放心吧。
MANGA_55_1_1_COMP_0_5,苦肉计虽成，但伯隐\n与江东诸将之间也有\n了猜疑，伯隐只能另\n找远离吴军的地方安\n营扎寨，步练师也脱\n离孙权营寨重新加入\n伯隐的队伍。,苦肉m成，但伯[\nc江|T⒅g也有\n了猜疑，伯[只能另\n找hx擒的地方安\nI寨，步也\nxOI寨重新加入\n伯[的伍。
MANGA_55_1_1_COMP_1_6,恰逢知名隐士庞统\n出现，建议主角选\n择一块背靠树林的\n平地。,恰逢知名[士y\n出F，建h主角x\n褚K背靠淞值\n平地。
MANGA_55_6_2_COMP_0_3,执行命令！\n把所有的船\n都栓起来！,绦忻令！\n把所有的船\n都栓起恚
MANGA_56_1_1_COMP_5_5,那是什么？,那是什N？
MANGA_56_1_1_COMP_5_6,要跟这种东\n西作战？,要跟@N|\n西作穑
MANGA_56_1_1_COMP_5_7,我们不是送\n死吗！,我不是送\n死幔
MANGA_56_6_2_COMP_10_5,咒术已毕，只要你与主公一同在赤壁使用赤龙之力召唤出高祖真貌，再配以雷龙之力显出高祖实体……,咒g已，只要你c主公一同在赤壁使用赤之力召境龈咦嬲婷玻再配以雷之力@出高祖w……
MANGA_56_6_2_COMP_11_5,便可依靠高\n祖斩杀项羽！,便可依靠高\n祖㈨羽！
MANGA_57_1_2_COMP_1_5,哈哈哈！都请\n你爷爷来了，\n还想赶我走？\n没门！,哈哈哈！都\n你砹耍\n想s我走？\n]T！
MANGA_57_1_2_COMP_2_5,兄弟们放火！\n这满船的燃料\n就送给他们吧！\n哈哈哈！,兄弟放火！\n@M船的燃料\n就送o他吧！\n哈哈哈！
MANGA_57_1_2_COMP_5_5,快斩断钢索，\n把着火的船\n分开！,快噤索，\n把著火的船\n分_！
MANGA_57_1_2_COMP_6_5,大人后面！！,大人後面！！
MANGA_57_1_2_COMP_7_5,想得美！射\n箭！不要让\n他们得逞！,想得美！射\n箭！不要\n他得逞！
MANGA_57_1_2_COMP_9_5,不能射箭的水兵\n都随我上船！把\n这帮旱鸭子都踢\n进江里喂鱼去！,不能射箭的水兵\n都S我上船！把\n@秃跌子都踢\nM江e喂~去！
MANGA_57_5_2_COMP_0_5,力量！好多力\n量！怨恨、痛\n苦、愤怒！,力量！好多力\n量！怨恨、痛\n苦、怒！
MANGA_57_5_2_COMP_12_5,项羽……我们\n又见面了！,羽……我\n又面了！
MANGA_57_5_2_COMP_13_5,是你！？,是你！？
MANGA_57_5_2_COMP_14_5,哈哈哈哈！惊喜吗？这次又将败在我手中！,哈哈哈哈！@喜幔窟@次又≡谖沂种校
MANGA_57_5_2_COMP_15_0,天道轮回！项羽，你的恶行终会得报！,天道回！羽，你的盒薪K得螅
MANGA_57_5_2_COMP_19_5,主人！,主人！
MANGA_57_5_2_COMP_1_5,你们都得死！\n都得化成我的\n食粮！你们都\n是祭品！哈哈\n哈哈！,你都得死！\n都得化成我的\n食Z！你都\n是祭品！哈哈\n哈哈！
MANGA_57_5_2_COMP_27_5,杀！,！
MANGA_57_5_2_COMP_28_5,赢了！我们赢了！,A了！我A了！
MANGA_57_5_2_COMP_5_5,终于显形了！,K於@形了！
MANGA_58_5_2_COMP_1_6,啊啊啊啊！\n力量！更多\n的力量！,啊啊啊啊！\n力量！更多\n的力量！
MANGA_58_5_2_COMP_4_5,哼，敢围我？\n换成我围你\n们吧！,哼，敢我？\nQ成我你\n吧！
MANGA_58_6_2_COMP_2_5,我项羽，将再\n次君临这个世\n界！,我羽，⒃\n次君R@世\n界！
MANGA_58_6_2_COMP_2_6,诸逆臣！皆\n受死！,T逆臣！皆\n受死！
MANGA_59_5_2_COMP_0_5,曹操！,曹操！
MANGA_59_5_2_COMP_0_6,曹操！,曹操！
MANGA_59_5_2_COMP_1_5,如果你还是那个\n救过我！为了天\n下苍生而战的曹\n操的话！那就回\n应我！,如果你是那\n救^我！榱颂\n下n生而鸬牟\n操的！那就回\n我！
MANGA_59_5_2_COMP_3_5,如果你还没有忘\n记理想！没有忘\n记自己的目的，\n就回应我！,如果你]有忘\n理想！]有忘\n自己的目的，\n就回我！
MANGA_59_6_2_COMP_13_5,我这段时间如同\n在梦中一般，没\n想到一时糊涂，\n险些闯下大祸。,我@段rg如同\n在糁幸话悖]\n想到一r糊T，\nU些J下大。
MANGA_59_6_2_COMP_14_5,现在丞相已经恢\n复，我不能看着\n你杀死他。,F在丞相已恢\n}，我不能看著\n你⑺浪。
MANGA_59_6_2_COMP_14_6,我离开丞相就\n是为了找到让\n他脱离项羽的\n方法。,我x_丞相就\n是榱苏业阶\n他x羽的\n方法。
MANGA_59_6_2_COMP_15_5,听他废话什么，\n我现在就杀了\n他！,他U什N，\n我F在就⒘\n他！
MANGA_59_6_2_COMP_16_5,哼，他对你有恩，\n你舍不得是吧，\n那我老张就连同\n你一起杀了！,哼，他δ阌卸鳎\n你尾坏檬前桑\n那我老就B同\n你一起⒘耍
MANGA_59_6_2_COMP_17_5,放他走？大\n哥怎么说？,放他走？大\n哥怎Nf？
MANGA_59_6_2_COMP_17_6,放曹操走吧。,放曹操走吧。
MANGA_59_6_2_COMP_18_5,丞相可骑此\n马离开。,丞相可T此\nRx_。
MANGA_59_6_2_COMP_22_5,驾！,{！
MANGA_59_6_2_COMP_23_5,大哥！为什么\n要放曹操走？,大哥！槭颤N\n要放曹操走？
MANGA_59_6_2_COMP_24_5,曹操若是死了，失\n去强敌的孙权必然\n会攻击我们，到时\n候就是孙家的天下。,曹操若是死了，失\n去车O啾厝\n攻粑，到r\n候就是O家的天下。
MANGA_59_6_2_COMP_25_5,只有曹操活着，\n我们才能活着，\n靠他拖住孙权，\n这天下才有我\n们立足之地。,只有曹操活著，\n我才能活著，\n靠他拖住O啵\n@天下才有我\n立足之地。
MANGA_5_1_1_COMP_0_3,为了击败十常侍，独占玉玺，他甚至不顾曹操和袁绍的反对，召唤董卓进京。,榱∈常侍，子癍t，他甚至不曹操和袁B的反Γ召径卓M京。
MANGA_5_1_1_COMP_0_4,扶植汉少帝登基后，何进的行为愈发乖张专断，每日扑在龙台边，仿佛被传国玉玺吸引了一般。,扶植h少帝登基後，何M的行橛l乖啵每日湓邶台，仿佛被玉t吸引了一般。
MANGA_5_1_1_COMP_1_3,暗中布置了一个诛杀何进势力的天罗地网，意图在董卓进京前消灭所有反对势力。,暗中阎昧艘D⒑芜M萘Φ奶炝_地W，意D在董卓M京前消缢有反萘Α
MANGA_5_1_1_COMP_1_4,十常侍感受到严重的威胁，假意向何进乞降。,十常侍感受到乐氐耐{，假意向何M乞降。
MANGA_5_3_2_COMP_1_5,呜啊！,璋。
MANGA_5_3_2_COMP_1_6,大家不要惊慌！！,大家不要@慌！！
MANGA_5_3_2_COMP_1_7,怎么回事！！,怎N回事！！
MANGA_5_3_2_COMP_3_5,又见面了，小哥哥。,又面了，小哥哥。
MANGA_5_3_2_COMP_4_5,   左慈！？,   左慈！？
MANGA_5_4_1_COMP_0_5,这次你们都留在这吧！,@次你都留在@吧！
MANGA_5_4_2_COMP_0_5,糟了！,糟了！
MANGA_5_4_2_COMP_11_5,让他们见识下你的力量吧！我的奴仆！,他R下你的力量吧！我的奴W！
MANGA_5_4_2_COMP_13_5,   卫仲道！,   l仲道！
MANGA_5_4_2_COMP_2_5,被包围了\n！！,被包了\n！！
MANGA_5_4_2_COMP_5_4,这就是碎片的力量吗？,@就是碎片的力量幔
MANGA_5_4_2_COMP_5_5,鬼兵变成了萤火虫……,鬼兵成了火x……
MANGA_5_4_2_COMP_8_3,哈哈哈！厉害！但你以为这样就能赢？,哈哈哈！害！但你以檫@泳湍苴A？
MANGA_5_4_2_COMP_9_5,又是那个疯女人！,又是那女人！
MANGA_5_6_2_COMP_0_3,   卫仲道！,   l仲道！
MANGA_5_6_2_COMP_1_3,卫仲道你能听见我说话吗！,l仲道你能我f幔
MANGA_5_6_2_COMP_4_5, 消失了！？, 消失了！？
MANGA_5_6_2_COMP_5_5,不认识我了！？他到底是谁！,不JR我了！？他到底是l！
MANGA_5_6_2_COMP_5_6,他跟那个女人还有黑衣妖道究竟怎么回事！？,他跟那女人有黑衣妖道究竟怎N回事！？
MANGA_6_3_1_COMP_0_5,奉先！你居然……啊！,奉先！你居然……啊！
MANGA_6_3_1_COMP_2_5,丁原不仁！我已杀之！,丁原不仁！我已⒅！
MANGA_6_3_2_COMP_0_5,这种人怎能统领天下！,@N人怎能yI天下！
MANGA_6_3_2_COMP_0_6,哼！懦弱无能！,哼！懦弱o能！
MANGA_6_3_2_COMP_1_5,你等都有拥立新王之功，就赦你们无罪，既往不咎。,你等都有砹⑿峦踔功，就赦你o罪，既往不咎。
MANGA_6_3_2_COMP_1_6,不如废帝为弘农王，立陈留王为帝。,不如U帝楹朕r王，立留王榈邸
MANGA_6_3_2_COMP_1_7,我看陈留王聪慧好学，可承大位！,我看留王慧好W，可承大位！
MANGA_6_3_2_COMP_2_5,自称要手刃逆、逆贼……迎还陛下……,自Q要手刃逆、逆\……迎陛下……
MANGA_6_3_2_COMP_2_6,一员大将自称袁绍，在营外喊杀。,一T大⒆苑Q袁B，在I外喊。
MANGA_6_3_2_COMP_3_5,   放肆！,   放肆！
MANGA_6_6_2_COMP_0_5,斩，直接杀了！,兀直接⒘耍
MANGA_6_6_2_COMP_10_5,曹大人不要开我的玩笑了……,曹大人不要_我的玩笑了……
MANGA_6_6_2_COMP_11_5, 我们走吧。, 我走吧。
MANGA_6_6_2_COMP_12_5,卫仲道你在哪……,l仲道你在哪……
MANGA_6_6_2_COMP_1_5,曹都尉献上传国玉玺，求换刘伯隐一命。,曹都尉I上玉t，求Q⒉[一命。
MANGA_6_6_2_COMP_3_5,哼！就凭这个？不够不够不够。,哼！就{@？不虿虿颉
MANGA_6_6_2_COMP_4_5,这样吧，那个刘伯隐斩断双手，关押大牢，算是留他一命。,@影桑那⒉[嚯p手，P押大牢，算是留他一命。
MANGA_6_6_2_COMP_5_5,这人真是好命，这么多人求情。放他出狱吧！,@人真是好命，@N多人求情。放他出z吧！
MANGA_6_6_2_COMP_5_6,蔡邕蔡郎中，他愿意服侍主公，用自己的名望拉拢世族大家。,蔡邕蔡郎中，他意服侍主公，用自己的名望拉n世族大家。
MANGA_6_6_2_COMP_5_7,其实另有一人求情。,其另有一人求情。
MANGA_6_6_2_COMP_8_5,在跟蔡邕商量出对策前，不留在身边也罢！,在跟蔡邕商量出Σ咔埃不留在身也T！
MANGA_6_6_2_COMP_8_6,那个玉玺是邪物，我经常会听见奇怪的说话声。,那玉t是邪物，我常奇怪的f。
MANGA_6_6_2_COMP_8_7,谢曹大人不计前嫌！,x曹大人不前嫌！
MANGA_6_6_2_COMP_9_5,你是文姬喜欢的男人，你要是死了，文姬会恨死我的。,你是文姬喜g的男人，你要是死了，文姬恨死我的。
MANGA_7_1_1_COMP_0_3,曹操和王允等汉朝重臣四处奔走，寻找能够击败董卓的办法。,曹操和王允等h朝重臣四奔走，ふ夷《卓的k法。
MANGA_7_1_1_COMP_0_4,而伯隐也再度跟随师父蔡邕，直到再次被安排送信给曹操。,而伯[也再度跟S父蔡邕，直到再次被安排送信o曹操。
MANGA_7_1_1_COMP_0_5,虽然人们早已有心理准备，但董卓的暴虐仍然超乎想象。,m然人早已有心理洌但董卓的暴虐仍然超乎想像。
MANGA_7_2_2_COMP_1_5,呀啊啊啊！,呀啊啊啊！
MANGA_7_3_2_COMP_0_5,没人能\n阻挡我！,]人能\n阻跷遥
MANGA_7_4_2_COMP_0_5,没用的，他肯定是故意等我们落入陷阱。,]用的，他肯定是故意等我落入陷阱。
MANGA_7_4_2_COMP_0_6,怎么动不了了！,怎N硬涣肆耍
MANGA_7_4_2_COMP_1_3,玉玺可以压制所有继承“龙”的力量的人，你们就是第一个牺牲品！,玉t可以褐扑有^承“”的力量的人，你就是第一奚品！
MANGA_7_4_2_COMP_1_4,玉玺中的人已经告诉了我玉玺的真正用途。,玉t中的人已告V了我玉t的真正用途。
MANGA_7_4_2_COMP_2_5,哼！可笑！龙的力量岂是你想压制就能压制的！,哼！可笑！的力量M是你想褐凭湍褐频模
MANGA_7_4_2_COMP_3_5,可、可以动了……,可、可以恿恕…
MANGA_7_4_2_COMP_4_5,刺杀失败了！,刺⑹×耍
MANGA_7_4_2_COMP_6_5,好！,好！
MANGA_7_4_2_COMP_6_6,从西门逃！快！,奈鏖T逃！快！
MANGA_7_4_2_COMP_7_5,抓住他们！别让他们跑了！,抓住他！e他跑了！
MANGA_8_1_1_COMP_0_5,终于写好了！,K於好了！
MANGA_8_2_1_COMP_0_5,会师之后，袁绍被推举为盟主。,之後，袁B被推e槊酥鳌
MANGA_8_2_1_COMP_0_6,响应曹操的号召，共计一十八路诸侯一齐讨伐董卓，袁绍、孙坚、公孙瓒、马腾、陶谦、孔融等人皆抵达洛阳。,曹操的召，共一十八路T侯一R伐董卓，袁B、O浴⒐O、Rv、陶t、孔融等人皆抵_洛。
MANGA_8_6_2_COMP_1_5,酒还是温的！,酒是氐模
MANGA_9_1_1_COMP_0_3,吕布天下无双，无人能挡，联军损失惨重。,尾继煜op，o人能酰p失K重。
MANGA_9_1_1_COMP_0_4,华雄被杀，联军士气大振，强攻虎牢关，董卓与吕布亲自出阵，在虎牢关与联军决战。,A雄被，士獯笳瘢攻虎牢P，董卓c尾加H自出，在虎牢PcQ稹
MANGA_9_4_2_COMP_0_1,  赢了！,  A了！
MANGA_9_4_2_COMP_0_2,   杀啊！,   啊！
MANGA_9_4_2_COMP_0_3,   进攻！,   M攻！
MANGA_9_4_2_COMP_0_4, 冲！, _！
MANGA_9_5_1_COMP_0_5,  呜啊！！,  璋。。
MANGA_9_5_1_COMP_0_6, 啊啊啊！, 啊啊啊！
MANGA_9_5_1_COMP_0_7,   天真！！,   天真！！
MANGA_9_5_1_COMP_1_5,谁能越过我吕奉先一步！？,l能越^我畏钕纫徊剑。
MANGA_9_5_1_COMP_2_5,太弱了！\n太弱了太弱了！！,太弱了！\n太弱了太弱了！！
MANGA_9_6_1_COMP_0_5,三姓家奴休走！燕人张翼德在此！,三姓家奴休走！燕人翼德在此！
MANGA_9_6_1_COMP_1_5,我也助三位一臂之力！,我也助三位一臂之力！
MANGA_9_6_1_COMP_2_5,我们三兄弟要一起打！,我三兄弟要一起打！
MANGA_9_6_1_COMP_2_6,二弟！,二弟！
MANGA_EXP_1_COMP_0_3,   主公？,   主公？
MANGA_EXP_1_COMP_0_4,你睡着了吗主公？,你睡著了嶂鞴？
MANGA_EXP_1_COMP_10_5,敌军进犯我方阵地！请主公出战！,耻M犯我方地！主公出穑
MANGA_EXP_1_COMP_11_6,   主公！,   主公！
MANGA_EXP_1_COMP_4_5,我是貂蝉啊。,我是貂s啊。
MANGA_EXP_1_COMP_5_5,你、你是谁？我怎么在这里？,你、你是l？我怎N在@e？
MANGA_EXP_1_COMP_5_6,嘿嘿，主公睡糊涂了，真可爱。,嘿嘿，主公睡糊T了，真可邸
MANGA_EXP_1_COMP_6_5,我？主公？大家？,我？主公？大家？
MANGA_EXP_1_COMP_8_10,是不是杀人最多的，能被主公翻牌？,是不是⑷俗疃嗟模能被主公翻牌？
MANGA_EXP_1_COMP_8_11,哼，你在磨蹭什么！,哼，你在磨蹭什N！
MANGA_EXP_1_COMP_8_12,伯隐，该出发了。,伯[，出l了。
MANGA_EXP_1_COMP_8_9,主公说了，只要打胜仗，今晚就一起上。,主公f了，只要打僬蹋今晚就一起上。
MANGA_EXP_1_COMP_9_3,我难道在做梦？,我y道在做簦
MANGA_EXP_2_COMP_0_1,伯隐！伯隐！快醒醒。,伯[！伯[！快醒醒。
MANGA_EXP_2_COMP_0_2,呜啊，好恶心还流口水了！,璋。好f心流口水了！
MANGA_EXP_2_COMP_0_3,哈哈哈，听到他说没？伯隐又在梦里逞英雄了！,哈哈哈，到他f]？伯[又在粞e逞英雄了！
MANGA_EXP_2_COMP_1_5,师傅不关你禁闭了，他喊你过去。,傅不P你禁]了，他喊你^去。
MANGA_EXP_2_COMP_2_6,快起床啦小刘子。,快起床啦小⒆印
MANGA_EXP_2_COMP_3_5,想多了，还真是梦……,想多了，真是簟…
MANGA_EXP_2_COMP_3_6,不要叫人小刘子！感觉像太监。,不要叫人小⒆樱「杏X像太O。
